time,lat,long,alt,magx,magy,magz,temp,pres,bar_alt,counter
1,0,0.0,50.0,0.0,20,1024,1001,420
2,57.23,24.32,10,0.0,50.0,0.0,20,1024,1001,420
3,57.23,24.32,10,0.0,50.0,0.0,20,1024,1001,420
4,57.23,24.32,10,0.0,50.0,0.0,20,1024,1001,420
5,57.23,24.32,10,0.0,50.0,0.0,20,1024,1001,420
6,1024,0.0,50.0,0.0,20,1024,1001,420
7,57.23,24.32,10,0.0,50.0,0.0,20,1,0.0,50.0,0.0,20,1024,1001,420
8,57.23,24.32,10,0.0,50.0,0.0,20,1,0.0,50.0,0.0,20,1024,1001,420
9,57.23,24.32,10,0.0,50.0,0.0,20,1024,1001,420
10,57.23,24.32,10,0.0,50.0,0.0,20,1024,1001,420
11,1024,1001,420
12,57.23,24.32,10,0.0,50.0,0.0,20,1024,1001,420
13,57.23,24.32,10,0.0,50.0,0.0,20,1024,1001,420
14,57.23,24.32,10,0.0,50.0,0.0,20,1024,1001,420
15,57.23,24.32,10,0.0,50.0,0.0,20,1024,1001,420
16,57.23,24.32,10,0.0,50.0,0.0,20,1024,1001,420
17,57.23,24.32,10,0.0,50.0,0.0,20,1024,1001,420
18,57.23,24.32,10,0.0,50.0,0.0,20,1024,1001,420
19,57.23,24.32,10,0.0,50.0,0.0,20,1024,1001,420
20,57.23,24.32,10,0.0,50.0,0.0,20,1024,1001,420
21,1024,1001,420
22,57.23,24.32,10,0.0,50.0,0.0,20,1024,1001,420
23,57.23,24.32,10,0.0,50.0,0.0,20,1024,1001,420
24,57.23,24.32,10,0.0,50.0,0.0,20,1024,1001,420
25,57.23,24.32,10,0.0,50.0,0.0,20,1024,1001,420
26,57.23,24.32,10,0.0,50.0,0.0,20,1024,1001,420
27,57.23,24.32,10,0.0,50.0,0.0,20,1024,1001,420
28,57.23,24.32,10,0.0,50.0,0.0,20,1024,1001,420
29,57.23,24.32,10,0.0,50.0,0.0,20,1024,1001,420
30,57.23,24.32,10,0.0,50.0,0.0,20,1024,1001,420
31,1024,1001,420
32,57.23,24.32,10,0.0,50.0,0.0,20,1024,1001,420
33,57.23,24.32,10,0.0,50.0,0.0,20,1024,1001,420
34,57.23,24.32,10,0.0,50.0,0.0,20,1024,1001,420
35,57.23,24.32,10,0.0,50.0,0.0,20,1024,1001,420
36,57.23,24.32,10,0.0,50.0,0.0,20,1024,1001,420
37,57.23,24.32,10,0.0,50.0,0.0,20,1024,1001,420
38,57.23,24.32,10,0.0,50.0,0.0,20,1024,1001,420
39,57.23,24.32,10,0.0,50.0,0.0,20,1024,1001,420
40,57.23,24.32,10,0.0,50.0,0.0,20,1024,1001,420
41,1024,1001,420
42,57.23,24.32,10,0.0,50.0,0.0,20,1024,1001,420
43,57.23,24.32,10,0.0,50.0,0.0,20,1024,1001,420
44,57.23,24.32,10,0.0,50.0,0.0,20,1024,1001,420
45,57.23,24.32,10,0.0,50.0,0.0,20,1024,1001,420
46,57.23,24.32,10,0.0,50.0,0.0,20,1024,1001,420
47,57.23,24.32,10,0.0,50.0,0.0,20,1024,1001,420
48,57.23,24.32,10,0.0,50.0,0.0,20,1024,1001,420
49,57.23,24.32,10,0.0,50.0,0.0,20,1024,1001,420
50,57.23,24.32,10,0.0,50.0,0.0,20,1024,1001,420
51,1024,1001,420
52,57.23,24.32,10,0.0,50.0,0.0,20,1024,1001,420
53,57.23,24.32,10,0.0,50.0,0.0,20,1024,1001,420
54,57.23,24.32,10,0.0,50.0,0.0,20,1024,1001,420
55,57.23,24.32,10,0.0,50.0,0.0,20,1024,1001,420
56,57.23,24.32,10,0.0,50.0,0.0,20,1024,1001,420
57,57.23,24.32,10,0.0,50.0,0.0,20,1024,1001,420
58,57.23,24.32,10,0.0,50.0,0.0,20,1024,1001,420
59,57.23,24.32,10,0.0,50.0,0.0,20,1024,1001,420
60,57.23,24.32,10,0.0,50.0,0.0,20,1024,1001,420
61,1024,1001,420
62,57.23,24.32,10,0.0,50.0,0.0,20,1024,1001,420
63,57.23,24.32,10,0.0,50.0,0.0,20,1024,1001,420
64,57.23,24.32,10,0.0,50.0,0.0,20,1024,1001,420
65,57.23,24.32,10,0.0,50.0,0.0,20,1024,1001,420
66,57.23,24.32,10,0.0,50.0,0.0,20,1024,1001,420
67,57.23,24.32,10,0.0,50.0,0.0,20,1024,1001,420
68,57.23,24.32,10,0.0,50.0,0.0,20,1024,1001,420
69,57.23,24.32,10,0.0,50.0,0.0,20,1024,1001,420
70,57.23,24.32,10,0.0,50.0,0.0,20,1024,1001,420
71,1024,1001,420
72,57.23,24.32,10,0.0,50.0,0.0,20,1024,1001,420
73,57.23,24.32,10,0.0,50.0,0.0,20,1024,1001,420
74,57.23,24.32,10,0.0,50.0,0.0,20,1024,1001,420
75,57.23,24.32,10,0.0,50.0,0.0,20,1024,1001,420
76,57.23,24.32,10,0.0,50.0,0.0,20,1024,1001,420
77,57.23,24.32,10,0.0,50.0,0.0,20,1024,1001,420
78,57.23,24.32,10,0.0,50.0,0.0,20,1024,1001,420
79,57.23,24.32,10,0.0,50.0,0.0,20,1024,1001,420
80,57.23,24.32,10,0.0,50.0,0.0,20,1024,1001,420
81,1024,1001,420
82,57.23,24.32,10,0.0,50.0,0.0,20,1024,1001,420
83,57.23,24.32,10,0.0,50.0,0.0,20,1024,1001,420
84,57.23,24.32,10,0.0,50.0,0.0,20,1024,1001,420
85,57.23,24.32,10,0.0,50.0,0.0,20,1024,1001,420
86,57.23,24.32,10,0.0,50.0,0.0,20,1024,1001,420
87,57.23,24.32,10,0.0,50.0,0.0,20,1024,1001,420
88,57.23,24.32,10,0.0,50.0,0.0,20,1024,1001,420
89,57.23,24.32,10,0.0,50.0,0.0,20,1024,1001,420
90,57.23,24.32,10,0.0,50.0,0.0,20,1024,1001,420
91,1024,1001,420
92,57.23,24.32,10,0.0,50.0,0.0,20,1024,1001,420
93,57.23,24.32,10,0.0,50.0,0.0,20,1024,1001,420
94,57.23,24.32,10,0.0,50.0,0.0,20,1024,1001,420
95,57.23,24.32,10,0.0,50.0,0.0,20,1024,1001,420
96,57.23,24.32,10,0.0,50.0,0.0,20,1024,1001,420
97,57.23,24.32,10,0.0,50.0,0.0,20,1024,1001,420
98,57.23,24.32,10,0.0,50.0,0.0,20,1024,1001,420
99,57.23,24.32,10,0.0,50.0,0.0,20,1024,1001,420
100,57.23,24.32,10,0.0,50.0,0.0,20,1024,1001,420
101,1024,1001,420
102,57.23,24.32,10,0.0,50.0,0.0,20,1024,1001,420
103,57.23,24.32,10,0.0,50.0,0.0,20,1024,1001,420
104,57.23,24.32,10,0.0,50.0,0.0,20,1024,1001,420
105,57.23,24.32,10,0.0,50.0,0.0,20,1024,1001,420
106,57.23,24.32,10,0.0,50.0,0.0,20,1024,1001,420
107,57.23,24.32,10,0.0,50.0,0.0,20,1024,1001,420
108,57.23,24.32,10,0.0,50.0,0.0,20,1024,1001,420
109,57.23,24.32,10,0.0,50.0,0.0,20,1024,1001,420
110,57.23,24.32,10,0.0,50.0,0.0,20,1024,1001,420
111,1024,1001,420
112,57.23,24.32,10,0.0,50.0,0.0,20,1024,1001,420
113,57.23,24.32,10,0.0,50.0,0.0,20,1024,1001,420
114,57.23,24.32,10,0.0,50.0,0.0,20,1024,1001,420
115,57.23,24.32,10,0.0,50.0,0.0,20,1024,1001,420
116,57.23,24.32,10,0.0,50.0,0.0,20,1024,1001,420
117,57.23,24.32,10,0.0,50.0,0.0,20,1024,1001,420
118,57.23,24.32,10,0.0,50.0,0.0,20,1024,1001,420
119,57.23,24.32,10,0.0,50.0,0.0,20,1024,1001,420
120,57.23,24.32,10,0.0,50.0,0.0,20,1024,1001,420
121,1024,1001,420
122,57.23,24.32,10,0.0,50.0,0.0,20,1024,1001,420
123,57.23,24.32,10,0.0,50.0,0.0,20,1024,1001,420
124,57.23,24.32,10,0.0,50.0,0.0,20,1024,1001,420
125,57.23,24.32,10,0.0,50.0,0.0,20,1024,1001,420
126,57.23,24.32,10,0.0,50.0,0.0,20,1024,1001,420
127,57.23,24.32,10,0.0,50.0,0.0,20,1024,1001,420
128,57.23,24.32,10,0.0,50.0,0.0,20,1024,1001,420
129,57.23,24.32,10,0.0,50.0,0.0,20,1024,1001,420
130,57.23,24.32,10,0.0,50.0,0.0,20,1024,1001,420
131,1024,1001,420
132,57.23,24.32,10,0.0,50.0,0.0,20,1024,1001,420
133,57.23,24.32,10,0.0,50.0,0.0,20,1024,1001,420
134,57.23,24.32,10,0.0,50.0,0.0,20,1024,1001,420
135,57.23,24.32,10,0.0,50.0,0.0,20,1024,1001,420
136,57.23,24.32,10,0.0,50.0,0.0,20,1024,1001,420
137,57.23,24.32,10,0.0,50.0,0.0,20,1024,1001,420
138,57.23,24.32,10,0.0,50.0,0.0,20,1024,1001,420
139,57.23,24.32,10,0.0,50.0,0.0,20,1024,1001,420
140,57.23,24.32,10,0.0,50.0,0.0,20,1024,1001,420
141,1024,1001,420
142,57.23,24.32,10,0.0,50.0,0.0,20,1024,1001,420
143,57.23,24.32,10,0.0,50.0,0.0,20,1024,1001,420
144,57.23,24.32,10,0.0,50.0,0.0,20,1024,1001,420
145,57.23,24.32,10,0.0,50.0,0.0,20,1024,1001,420
146,57.23,24.32,10,0.0,50.0,0.0,20,1024,1001,420
147,57.23,24.32,10,0.0,50.0,0.0,20,1024,1001,420
148,57.23,24.32,10,0.0,50.0,0.0,20,1024,1001,420
149,57.23,24.32,10,0.0,50.0,0.0,20,1024,1001,420
150,57.23,24.32,10,0.0,50.0,0.0,20,1024,1001,420
151,1024,1001,420
152,57.23,24.32,10,0.0,50.0,0.0,20,1024,1001,420
153,57.23,24.32,10,0.0,50.0,0.0,20,1024,1001,420
154,57.23,24.32,10,0.0,50.0,0.0,20,1024,1001,420
155,57.23,24.32,10,0.0,50.0,0.0,20,1024,1001,420
156,57.23,24.32,10,0.0,50.0,0.0,20,1024,1001,420
157,57.23,24.32,10,0.0,50.0,0.0,20,1024,1001,420
158,57.23,24.32,10,0.0,50.0,0.0,20,1024,1001,420
159,57.23,24.32,10,0.0,50.0,0.0,20,1024,1001,420
160,57.23,24.32,10,0.0,50.0,0.0,20,1024,1001,420
161,1024,1001,420
162,57.23,24.32,10,0.0,50.0,0.0,20,1024,1001,420
163,57.23,24.32,10,0.0,50.0,0.0,20,1024,1001,420
164,57.23,24.32,10,0.0,50.0,0.0,20,1024,1001,420
165,57.23,24.32,10,0.0,50.0,0.0,20,1024,1001,420
166,57.23,24.32,10,0.0,50.0,0.0,20,1024,1001,420
167,57.23,24.32,10,0.0,50.0,0.0,20,1024,1001,420
168,57.23,24.32,10,0.0,50.0,0.0,20,1024,1001,420
169,57.23,24.32,10,0.0,50.0,0.0,20,1024,1001,420
170,57.23,24.32,10,0.0,50.0,0.0,20,1024,1001,420
171,1024,1001,420
172,57.23,24.32,10,0.0,50.0,0.0,20,1024,1001,420
173,57.23,24.32,10,0.0,50.0,0.0,20,1024,1001,420
174,57.23,24.32,10,0.0,50.0,0.0,20,1024,1001,420
175,57.23,24.32,10,0.0,50.0,0.0,20,1024,1001,420
176,57.23,24.32,10,0.0,50.0,0.0,20,1024,1001,420
177,57.23,24.32,10,0.0,50.0,0.0,20,1024,1001,420
178,57.23,24.32,10,0.0,50.0,0.0,20,1024,1001,420
179,57.23,24.32,10,0.0,50.0,0.0,20,1024,1001,420
180,57.23,24.32,10,0.0,50.0,0.0,20,1024,1001,420
181,1024,1001,420
182,57.23,24.32,10,0.0,50.0,0.0,20,1024,1001,420
183,57.23,24.32,10,0.0,50.0,0.0,20,1024,1001,420
184,57.23,24.32,10,0.0,50.0,0.0,20,1024,1001,420
185,57.23,24.32,10,0.0,50.0,0.0,20,1024,1001,420
186,57.23,24.32,10,0.0,50.0,0.0,20,1024,1001,420
187,57.23,24.32,10,0.0,50.0,0.0,20,1024,1001,420
188,57.23,24.32,10,0.0,50.0,0.0,20,1024,1001,420
189,57.23,24.32,10,0.0,50.0,0.0,20,1024,1001,420
190,57.23,24.32,10,0.0,50.0,0.0,20,1024,1001,420
191,1024,1001,420
192,57.23,24.32,10,0.0,50.0,0.0,20,1024,1001,420
193,57.23,24.32,10,0.0,50.0,0.0,20,1024,1001,420
194,57.23,24.32,10,0.0,50.0,0.0,20,1024,1001,420
195,57.23,24.32,10,0.0,50.0,0.0,20,1024,1001,420
196,57.23,24.32,10,0.0,50.0,0.0,20,1024,1001,420
197,57.23,24.32,10,0.0,50.0,0.0,20,1024,1001,420
198,57.23,24.32,10,0.0,50.0,0.0,20,1024,1001,420
199,57.23,24.32,10,0.0,50.0,0.0,20,1024,1001,420
200,57.23,24.32,10,0.0,50.0,0.0,20,1024,1001,420
201,1024,1001,420
202,57.23,24.32,10,0.0,50.0,0.0,20,1024,1001,420
203,57.23,24.32,10,0.0,50.0,0.0,20,1024,1001,420
204,57.23,24.32,10,0.0,50.0,0.0,20,1024,1001,420
205,57.23,24.32,10,0.0,50.0,0.0,20,1024,1001,420
206,57.23,24.32,10,0.0,50.0,0.0,20,1024,1001,420
207,57.23,24.32,10,0.0,50.0,0.0,20,1024,1001,420
208,57.23,24.32,10,0.0,50.0,0.0,20,1024,1001,420
209,57.23,24.32,10,0.0,50.0,0.0,20,1024,1001,420
210,57.23,24.32,10,0.0,50.0,0.0,20,1024,1001,420
211,1024,1001,420
212,57.23,24.32,10,0.0,50.0,0.0,20,1024,1001,420
213,57.23,24.32,10,0.0,50.0,0.0,20,1024,1001,420
214,57.23,24.32,10,0.0,50.0,0.0,20,1024,1001,420
215,57.23,24.32,10,0.0,50.0,0.0,20,1024,1001,420
216,57.23,24.32,10,0.0,50.0,0.0,20,1024,1001,420
217,57.23,24.32,10,0.0,50.0,0.0,20,1024,1001,420
218,57.23,24.32,10,0.0,50.0,0.0,20,1024,1001,420
219,57.23,24.32,10,0.0,50.0,0.0,20,1024,1001,420
220,57.23,24.32,10,0.0,50.0,0.0,20,1024,1001,420
221,1024,1001,420
222,57.23,24.32,10,0.0,50.0,0.0,20,1024,1001,420
223,57.23,24.32,10,0.0,50.0,0.0,20,1024,1001,420
224,57.23,24.32,10,0.0,50.0,0.0,20,1024,1001,420
225,57.23,24.32,10,0.0,50.0,0.0,20,1024,1001,420
226,57.23,24.32,10,0.0,50.0,0.0,20,1024,1001,420
227,57.23,24.32,10,0.0,50.0,0.0,20,1024,1001,420
228,57.23,24.32,10,0.0,50.0,0.0,20,1024,1001,420
229,57.23,24.32,10,0.0,50.0,0.0,20,1024,1001,420
230,57.23,24.32,10,0.0,50.0,0.0,20,1024,1001,420
231,1024,1001,420
232,57.23,24.32,10,0.0,50.0,0.0,20,1024,1001,420
233,57.23,24.32,10,0.0,50.0,0.0,20,1024,1001,420
234,57.23,24.32,10,0.0,50.0,0.0,20,1024,1001,420
235,57.23,24.32,10,0.0,50.0,0.0,20,1024,1001,420
236,57.23,24.32,10,0.0,50.0,0.0,20,1024,1001,420
237,57.23,24.32,10,0.0,50.0,0.0,20,1024,1001,420
238,57.23,24.32,10,0.0,50.0,0.0,20,1024,1001,420
239,57.23,24.32,10,0.0,50.0,0.0,20,1024,1001,420
240,57.23,24.32,10,0.0,50.0,0.0,20,1024,1001,420
241,1024,1001,420
242,57.23,24.32,10,0.0,50.0,0.0,20,1024,1001,420
243,57.23,24.32,10,0.0,50.0,0.0,20,1024,1001,420
244,57.23,24.32,10,0.0,50.0,0.0,20,1024,1001,420
245,57.23,24.32,10,0.0,50.0,0.0,20,1024,1001,420
246,57.23,24.32,10,0.0,50.0,0.0,20,1024,1001,420
247,57.23,24.32,10,0.0,50.0,0.0,20,1024,1001,420
248,57.23,24.32,10,0.0,50.0,0.0,20,1024,1001,420
249,57.23,24.32,10,0.0,50.0,0.0,20,1024,1001,420
250,57.23,24.32,10,0.0,50.0,0.0,20,1024,1001,420
251,1024,1001,420
252,57.23,24.32,10,0.0,50.0,0.0,20,1024,1001,420
253,57.23,24.32,10,0.0,50.0,0.0,20,1024,1001,420
254,57.23,24.32,10,0.0,50.0,0.0,20,1024,1001,420
255,57.23,24.32,10,0.0,50.0,0.0,20,1024,1001,420
256,57.23,24.32,10,0.0,50.0,0.0,20,1024,1001,420
257,57.23,24.32,10,0.0,50.0,0.0,20,1024,1001,420
258,57.23,24.32,10,0.0,50.0,0.0,20,1024,1001,420
259,57.23,24.32,10,0.0,50.0,0.0,20,1024,1001,420
260,57.23,24.32,10,0.0,50.0,0.0,20,1024,1001,420
261,1024,1001,420
262,57.23,24.32,10,0.0,50.0,0.0,20,1024,1001,420
263,57.23,24.32,10,0.0,50.0,0.0,20,1024,1001,420
264,57.23,24.32,10,0.0,50.0,0.0,20,1024,1001,420
265,57.23,24.32,10,0.0,50.0,0.0,20,1024,1001,420
266,57.23,24.32,10,0.0,50.0,0.0,20,1024,1001,420
267,57.23,24.32,10,0.0,50.0,0.0,20,1024,1001,420
268,57.23,24.32,10,0.0,50.0,0.0,20,1024,1001,420
269,57.23,24.32,10,0.0,50.0,0.0,20,1024,1001,420
270,57.23,24.32,10,0.0,50.0,0.0,20,1024,1001,420
271,1024,1001,420
272,57.23,24.32,10,0.0,50.0,0.0,20,1024,1001,420
273,57.23,24.32,10,0.0,50.0,0.0,20,1024,1001,420
274,57.23,24.32,10,0.0,50.0,0.0,20,1024,1001,420
275,57.23,24.32,10,0.0,50.0,0.0,20,1024,1001,420
276,57.23,24.32,10,0.0,50.0,0.0,20,1024,1001,420
277,57.23,24.32,10,0.0,50.0,0.0,20,1024,1001,420
278,57.23,24.32,10,0.0,50.0,0.0,20,1024,1001,420
279,57.23,24.32,10,0.0,50.0,0.0,20,1024,1001,420
280,57.23,24.32,10,0.0,50.0,0.0,20,1024,1001,420
281,1024,1001,420
282,57.23,24.32,10,0.0,50.0,0.0,20,1024,1001,420
283,57.23,24.32,10,0.0,50.0,0.0,20,1024,1001,420
284,57.23,24.32,10,0.0,50.0,0.0,20,1024,1001,420
285,57.23,24.32,10,0.0,50.0,0.0,20,1024,1001,420
286,57.23,24.32,10,0.0,50.0,0.0,20,1024,1001,420
287,57.23,24.32,10,0.0,50.0,0.0,20,1024,1001,420
288,57.23,24.32,10,0.0,50.0,0.0,20,1024,1001,420
289,57.23,24.32,10,0.0,50.0,0.0,20,1024,1001,420
290,57.23,24.32,10,0.0,50.0,0.0,20,1024,1001,420
291,1024,1001,420
292,57.23,24.32,10,0.0,50.0,0.0,20,1024,1001,420
293,57.23,24.32,10,0.0,50.0,0.0,20,1024,1001,420
294,57.23,24.32,10,0.0,50.0,0.0,20,1024,1001,420
295,57.23,24.32,10,0.0,50.0,0.0,20,1024,1001,420
296,57.23,24.32,10,0.0,50.0,0.0,20,1024,1001,420
297,57.23,24.32,10,0.0,50.0,0.0,20,1024,1001,420
298,57.23,24.32,10,0.0,50.0,0.0,20,1024,1001,420
299,57.23,24.32,10,0.0,50.0,0.0,20,1024,1001,420
300,57.23,24.32,10,0.0,50.0,0.0,20,1024,1001,420
301,1024,1001,420
302,57.23,24.32,10,0.0,50.0,0.0,20,1024,1001,420
303,57.23,24.32,10,0.0,50.0,0.0,20,1024,1001,420
304,57.23,24.32,10,0.0,50.0,0.0,20,1024,1001,420
305,57.23,24.32,10,0.0,50.0,0.0,20,1024,1001,420
306,57.23,24.32,10,0.0,50.0,0.0,20,1024,1001,420
307,57.23,24.32,10,0.0,50.0,0.0,20,1024,1001,420
308,57.23,24.32,10,0.0,50.0,0.0,20,1024,1001,420
309,57.23,24.32,10,0.0,50.0,0.0,20,1024,1001,420
310,57.23,24.32,10,0.0,50.0,0.0,20,1024,1001,420
311,1024,1001,420
312,57.23,24.32,10,0.0,50.0,0.0,20,1024,1001,420
313,57.23,24.32,10,0.0,50.0,0.0,20,1024,1001,420
314,57.23,24.32,10,0.0,50.0,0.0,20,1024,1001,420
315,57.23,24.32,10,0.0,50.0,0.0,20,1024,1001,420
316,57.23,24.32,10,0.0,50.0,0.0,20,1024,1001,420
317,57.23,24.32,10,0.0,50.0,0.0,20,1024,1001,420
318,57.23,24.32,10,0.0,50.0,0.0,20,1024,1001,420
319,57.23,24.32,10,0.0,50.0,0.0,20,1024,1001,420
320,57.23,24.32,10,0.0,50.0,0.0,20,1024,1001,420
321,1024,1001,420
322,57.23,24.32,10,0.0,50.0,0.0,20,1024,1001,420
323,57.23,24.32,10,0.0,50.0,0.0,20,1024,1001,420
324,57.23,24.32,10,0.0,50.0,0.0,20,1024,1001,420
325,57.23,24.32,10,0.0,50.0,0.0,20,1024,1001,420
326,57.23,24.32,10,0.0,50.0,0.0,20,1024,1001,420
327,57.23,24.32,10,0.0,50.0,0.0,20,1024,1001,420
328,57.23,24.32,10,0.0,50.0,0.0,20,1024,1001,420
329,57.23,24.32,10,0.0,50.0,0.0,20,1024,1001,420
330,57.23,24.32,10,0.0,50.0,0.0,20,1024,1001,420
331,1024,1001,420
332,57.23,24.32,10,0.0,50.0,0.0,20,1024,1001,420
333,57.23,24.32,10,0.0,50.0,0.0,20,1024,1001,420
334,57.23,24.32,10,0.0,50.0,0.0,20,1024,1001,420
335,57.23,24.32,10,0.0,50.0,0.0,20,1024,1001,420
336,57.23,24.32,10,0.0,50.0,0.0,20,1024,1001,420
337,57.23,24.32,10,0.0,50.0,0.0,20,1024,1001,420
338,57.23,24.32,10,0.0,50.0,0.0,20,1024,1001,420
339,57.23,24.32,10,0.0,50.0,0.0,20,1024,1001,420
340,57.23,24.32,10,0.0,50.0,0.0,20,1024,1001,420
341,1024,1001,420
342,57.23,24.32,10,0.0,50.0,0.0,20,1024,1001,420
343,57.23,24.32,10,0.0,50.0,0.0,20,1024,1001,420
344,57.23,24.32,10,0.0,50.0,0.0,20,1024,1001,420
345,57.23,24.32,10,0.0,50.0,0.0,20,1024,1001,420
346,57.23,24.32,10,0.0,50.0,0.0,20,1024,1001,420
347,57.23,24.32,10,0.0,50.0,0.0,20,1024,1001,420
348,57.23,24.32,10,0.0,50.0,0.0,20,1024,1001,420
349,57.23,24.32,10,0.0,50.0,0.0,20,1024,1001,420
350,57.23,24.32,10,0.0,50.0,0.0,20,1024,1001,420
351,1024,1001,420
352,57.23,24.32,10,0.0,50.0,0.0,20,1024,1001,420
353,57.23,24.32,10,0.0,50.0,0.0,20,1024,1001,420
354,57.23,24.32,10,0.0,50.0,0.0,20,1024,1001,420
355,57.23,24.32,10,0.0,50.0,0.0,20,1024,1001,420
356,57.23,24.32,10,0.0,50.0,0.0,20,1024,1001,420
357,57.23,24.32,10,0.0,50.0,0.0,20,1024,1001,420
358,57.23,24.32,10,0.0,50.0,0.0,20,1024,1001,420
359,57.23,24.32,10,0.0,50.0,0.0,20,1024,1001,420
360,57.23,24.32,10,0.0,50.0,0.0,20,1024,1001,420
361,1024,1001,420
362,57.23,24.32,10,0.0,50.0,0.0,20,1024,1001,420
363,57.23,24.32,10,0.0,50.0,0.0,20,1024,1001,420
364,57.23,24.32,10,0.0,50.0,0.0,20,1024,1001,420
365,57.23,24.32,10,0.0,50.0,0.0,20,1024,1001,420
366,57.23,24.32,10,0.0,50.0,0.0,20,1024,1001,420
367,57.23,24.32,10,0.0,50.0,0.0,20,1024,1001,420
368,57.23,24.32,10,0.0,50.0,0.0,20,1024,1001,420
369,57.23,24.32,10,0.0,50.0,0.0,20,1024,1001,420
370,57.23,24.32,10,0.0,50.0,0.0,20,1024,1001,420
371,1024,1001,420
372,57.23,24.32,10,0.0,50.0,0.0,20,1024,1001,420
373,57.23,24.32,10,0.0,50.0,0.0,20,1024,1001,420
374,57.23,24.32,10,0.0,50.0,0.0,20,1024,1001,420
375,57.23,24.32,10,0.0,50.0,0.0,20,1024,1001,420
376,57.23,24.32,10,0.0,50.0,0.0,20,1024,1001,420
377,57.23,24.32,10,0.0,50.0,0.0,20,1024,1001,420
378,57.23,24.32,10,0.0,50.0,0.0,20,1024,1001,420
379,57.23,24.32,10,0.0,50.0,0.0,20,1024,1001,420
380,57.23,24.32,10,0.0,50.0,0.0,20,1024,1001,420
381,1024,1001,420
382,57.23,24.32,10,0.0,50.0,0.0,20,1024,1001,420
383,57.23,24.32,10,0.0,50.0,0.0,20,1024,1001,420
384,57.23,24.32,10,0.0,50.0,0.0,20,1024,1001,420
385,57.23,24.32,10,0.0,50.0,0.0,20,1024,1001,420
386,57.23,24.32,10,0.0,50.0,0.0,20,1024,1001,420
387,57.23,24.32,10,0.0,50.0,0.0,20,1024,1001,420
388,57.23,24.32,10,0.0,50.0,0.0,20,1024,1001,420
389,57.23,24.32,10,0.0,50.0,0.0,20,1024,1001,420
390,57.23,24.32,10,0.0,50.0,0.0,20,1024,1001,420
391,1024,1001,420
392,57.23,24.32,10,0.0,50.0,0.0,20,1024,1001,420
393,57.23,24.32,10,0.0,50.0,0.0,20,1024,1001,420
394,57.23,24.32,10,0.0,50.0,0.0,20,1024,1001,420
395,57.23,24.32,10,0.0,50.0,0.0,20,1024,1001,420
396,57.23,24.32,10,0.0,50.0,0.0,20,1024,1001,420
397,57.23,24.32,10,0.0,50.0,0.0,20,1024,1001,420
398,57.23,24.32,10,0.0,50.0,0.0,20,1024,1001,420
399,57.23,24.32,10,0.0,50.0,0.0,20,1024,1001,420
400,57.23,24.32,10,0.0,50.0,0.0,20,1024,1001,420
401,1024,1001,420
402,57.23,24.32,10,0.0,50.0,0.0,20,1024,1001,420
403,57.23,24.32,10,0.0,50.0,0.0,20,1024,1001,420
404,57.23,24.32,10,0.0,50.0,0.0,20,1024,1001,420
405,57.23,24.32,10,0.0,50.0,0.0,20,1024,1001,420
406,57.23,24.32,10,0.0,50.0,0.0,20,1024,1001,420
407,57.23,24.32,10,0.0,50.0,0.0,20,1024,1001,420
408,57.23,24.32,10,0.0,50.0,0.0,20,1024,1001,420
409,57.23,24.32,10,0.0,50.0,0.0,20,1024,1001,420
410,57.23,24.32,10,0.0,50.0,0.0,20,1024,1001,420
411,1024,1001,420
412,57.23,24.32,10,0.0,50.0,0.0,20,1024,1001,420
413,57.23,24.32,10,0.0,50.0,0.0,20,1024,1001,420
414,57.23,24.32,10,0.0,50.0,0.0,20,1024,1001,420
415,57.23,24.32,10,0.0,50.0,0.0,20,1024,1001,420
416,57.23,24.32,10,0.0,50.0,0.0,20,1024,1001,420
417,57.23,24.32,10,0.0,50.0,0.0,20,1024,1001,420
418,57.23,24.32,10,0.0,50.0,0.0,20,1024,1001,420
419,57.23,24.32,10,0.0,50.0,0.0,20,1024,1001,420
420,57.23,24.32,10,0.0,50.0,0.0,20,1024,1001,420
421,1024,1001,420
422,57.23,24.32,10,0.0,50.0,0.0,20,1024,1001,420
423,57.23,24.32,10,0.0,50.0,0.0,20,1024,1001,420
424,57.23,24.32,10,0.0,50.0,0.0,20,1024,1001,420
425,57.23,24.32,10,0.0,50.0,0.0,20,1024,1001,420
426,57.23,24.32,10,0.0,50.0,0.0,20,1024,1001,420
427,57.23,24.32,10,0.0,50.0,0.0,20,1024,1001,420
428,57.23,24.32,10,0.0,50.0,0.0,20,1024,1001,420
429,57.23,24.32,10,0.0,50.0,0.0,20,1024,1001,420
430,57.23,24.32,10,0.0,50.0,0.0,20,1024,1001,420
431,1024,1001,420
432,57.23,24.32,10,0.0,50.0,0.0,20,1024,1001,420
433,57.23,24.32,10,0.0,50.0,0.0,20,1024,1001,420
434,57.23,24.32,10,0.0,50.0,0.0,20,1024,1001,420
435,57.23,24.32,10,0.0,50.0,0.0,20,1024,1001,420
436,57.23,24.32,10,0.0,50.0,0.0,20,1024,1001,420
437,57.23,24.32,10,0.0,50.0,0.0,20,1024,1001,420
438,57.23,24.32,10,0.0,50.0,0.0,20,1024,1001,420
439,57.23,24.32,10,0.0,50.0,0.0,20,1024,1001,420
440,57.23,24.32,10,0.0,50.0,0.0,20,1024,1001,420
441,1024,1001,420
442,57.23,24.32,10,0.0,50.0,0.0,20,1024,1001,420
443,57.23,24.32,10,0.0,50.0,0.0,20,1024,1001,420
444,57.23,24.32,10,0.0,50.0,0.0,20,1024,1001,420
445,57.23,24.32,10,0.0,50.0,0.0,20,1024,1001,420
446,57.23,24.32,10,0.0,50.0,0.0,20,1024,1001,420
447,57.23,24.32,10,0.0,50.0,0.0,20,1024,1001,420
448,57.23,24.32,10,0.0,50.0,0.0,20,1024,1001,420
449,57.23,24.32,10,0.0,50.0,0.0,20,1024,1001,420
450,57.23,24.32,10,0.0,50.0,0.0,20,1024,1001,420
451,1024,1001,420
452,57.23,24.32,10,0.0,50.0,0.0,20,1024,1001,420
453,57.23,24.32,10,0.0,50.0,0.0,20,1024,1001,420
454,57.23,24.32,10,0.0,50.0,0.0,20,1024,1001,420
455,57.23,24.32,10,0.0,50.0,0.0,20,1024,1001,420
456,57.23,24.32,10,0.0,50.0,0.0,20,1024,1001,420
457,57.23,24.32,10,0.0,50.0,0.0,20,1024,1001,420
458,57.23,24.32,10,0.0,50.0,0.0,20,1024,1001,420
459,57.23,24.32,10,0.0,50.0,0.0,20,1024,1001,420
460,57.23,24.32,10,0.0,50.0,0.0,20,1024,1001,420
461,1024,1001,420
462,57.23,24.32,10,0.0,50.0,0.0,20,1024,1001,420
463,57.23,24.32,10,0.0,50.0,0.0,20,1024,1001,420
464,57.23,24.32,10,0.0,50.0,0.0,20,1024,1001,420
465,57.23,24.32,10,0.0,50.0,0.0,20,1024,1001,420
466,57.23,24.32,10,0.0,50.0,0.0,20,1024,1001,420
467,57.23,24.32,10,0.0,50.0,0.0,20,1024,1001,420
468,57.23,24.32,10,0.0,50.0,0.0,20,1024,1001,420
469,57.23,24.32,10,0.0,50.0,0.0,20,1024,1001,420
470,57.23,24.32,10,0.0,50.0,0.0,20,1024,1001,420
471,1024,1001,420
472,57.23,24.32,10,0.0,50.0,0.0,20,1024,1001,420
473,57.23,24.32,10,0.0,50.0,0.0,20,1024,1001,420
474,57.23,24.32,10,0.0,50.0,0.0,20,1024,1001,420
475,57.23,24.32,10,0.0,50.0,0.0,20,1024,1001,420
476,57.23,24.32,10,0.0,50.0,0.0,20,1024,1001,420
477,57.23,24.32,10,0.0,50.0,0.0,20,1024,1001,420
478,57.23,24.32,10,0.0,50.0,0.0,20,1024,1001,420
479,57.23,24.32,10,0.0,50.0,0.0,20,1024,1001,420
480,57.23,24.32,10,0.0,50.0,0.0,20,1024,1001,420
481,1024,1001,420
482,57.23,24.32,10,0.0,50.0,0.0,20,1024,1001,420
483,57.23,24.32,10,0.0,50.0,0.0,20,1024,1001,420
484,57.23,24.32,10,0.0,50.0,0.0,20,1024,1001,420
485,57.23,24.32,10,0.0,50.0,0.0,20,1024,1001,420
486,57.23,24.32,10,0.0,50.0,0.0,20,1024,1001,420
487,57.23,24.32,10,0.0,50.0,0.0,20,1024,1001,420
488,57.23,24.32,10,0.0,50.0,0.0,20,1024,1001,420
489,57.23,24.32,10,0.0,50.0,0.0,20,1024,1001,420
490,57.23,24.32,10,0.0,50.0,0.0,20,1024,1001,420
491,1024,1001,420
492,57.23,24.32,10,0.0,50.0,0.0,20,1024,1001,420
493,57.23,24.32,10,0.0,50.0,0.0,20,1024,1001,420
494,57.23,24.32,10,0.0,50.0,0.0,20,1024,1001,420
495,57.23,24.32,10,0.0,50.0,0.0,20,1024,1001,420
496,57.23,24.32,10,0.0,50.0,0.0,20,1024,1001,420
497,57.23,24.32,10,0.0,50.0,0.0,20,1024,1001,420
498,57.23,24.32,10,0.0,50.0,0.0,20,1024,1001,420
499,57.23,24.32,10,0.0,50.0,0.0,20,1024,1001,420
500,57.23,24.32,10,0.0,50.0,0.0,20,1024,1001,420
501,1024,1001,420
502,57.23,24.32,10,0.0,50.0,0.0,20,1024,1001,420
503,57.23,24.32,10,0.0,50.0,0.0,20,1024,1001,420
504,57.23,24.32,10,0.0,50.0,0.0,20,1024,1001,420
505,57.23,24.32,10,0.0,50.0,0.0,20,1024,1001,420
506,57.23,24.32,10,0.0,50.0,0.0,20,1024,1001,420
507,57.23,24.32,10,0.0,50.0,0.0,20,1024,1001,420
508,57.23,24.32,10,0.0,50.0,0.0,20,1024,1001,420
509,57.23,24.32,10,0.0,50.0,0.0,20,1024,1001,420
510,57.23,24.32,10,0.0,50.0,0.0,20,1024,1001,420
511,1024,1001,420
512,57.23,24.32,10,0.0,50.0,0.0,20,1024,1001,420
513,57.23,24.32,10,0.0,50.0,0.0,20,1024,1001,420
514,57.23,24.32,10,0.0,50.0,0.0,20,1024,1001,420
515,57.23,24.32,10,0.0,50.0,0.0,20,1024,1001,420
516,57.23,24.32,10,0.0,50.0,0.0,20,1024,1001,420
517,57.23,24.32,10,0.0,50.0,0.0,20,1024,1001,420
518,57.23,24.32,10,0.0,50.0,0.0,20,1024,1001,420
519,57.23,24.32,10,0.0,50.0,0.0,20,1024,1001,420
520,57.23,24.32,10,0.0,50.0,0.0,20,1024,1001,420
521,1024,1001,420
522,57.23,24.32,10,0.0,50.0,0.0,20,1024,1001,420
523,57.23,24.32,10,0.0,50.0,0.0,20,1024,1001,420
524,57.23,24.32,10,0.0,50.0,0.0,20,1024,1001,420
525,57.23,24.32,10,0.0,50.0,0.0,20,1024,1001,420
526,57.23,24.32,10,0.0,50.0,0.0,20,1024,1001,420
527,57.23,24.32,10,0.0,50.0,0.0,20,1024,1001,420
528,57.23,24.32,10,0.0,50.0,0.0,20,1024,1001,420
529,57.23,24.32,10,0.0,50.0,0.0,20,1024,1001,420
530,57.23,24.32,10,0.0,50.0,0.0,20,1024,1001,420
531,1024,1001,420
532,57.23,24.32,10,0.0,50.0,0.0,20,1024,1001,420
533,57.23,24.32,10,0.0,50.0,0.0,20,1024,1001,420
534,57.23,24.32,10,0.0,50.0,0.0,20,1024,1001,420
535,57.23,24.32,10,0.0,50.0,0.0,20,1024,1001,420
536,57.23,24.32,10,0.0,50.0,0.0,20,1024,1001,420
537,57.23,24.32,10,0.0,50.0,0.0,20,1024,1001,420
538,57.23,24.32,10,0.0,50.0,0.0,20,1024,1001,420
539,57.23,24.32,10,0.0,50.0,0.0,20,1024,1001,420
540,57.23,24.32,10,0.0,50.0,0.0,20,1024,1001,420
541,1024,1001,420
542,57.23,24.32,10,0.0,50.0,0.0,20,1024,1001,420
543,57.23,24.32,10,0.0,50.0,0.0,20,1024,1001,420
544,57.23,24.32,10,0.0,50.0,0.0,20,1024,1001,420
545,57.23,24.32,10,0.0,50.0,0.0,20,1024,1001,420
546,57.23,24.32,10,0.0,50.0,0.0,20,1024,1001,420
547,57.23,24.32,10,0.0,50.0,0.0,20,1024,1001,420
548,57.23,24.32,10,0.0,50.0,0.0,20,1024,1001,420
549,57.23,24.32,10,0.0,50.0,0.0,20,1024,1001,420
550,57.23,24.32,10,0.0,50.0,0.0,20,1024,1001,420
551,1024,1001,420
552,57.23,24.32,10,0.0,50.0,0.0,20,1024,1001,420
553,57.23,24.32,10,0.0,50.0,0.0,20,1024,1001,420
554,57.23,24.32,10,0.0,50.0,0.0,20,1024,1001,420
555,57.23,24.32,10,0.0,50.0,0.0,20,1024,1001,420
556,57.23,24.32,10,0.0,50.0,0.0,20,1024,1001,420
557,57.23,24.32,10,0.0,50.0,0.0,20,1024,1001,420
558,57.23,24.32,10,0.0,50.0,0.0,20,1024,1001,420
559,57.23,24.32,10,0.0,50.0,0.0,20,1024,1001,420
560,57.23,24.32,10,0.0,50.0,0.0,20,1024,1001,420
561,1024,1001,420
562,57.23,24.32,10,0.0,50.0,0.0,20,1024,1001,420
563,57.23,24.32,10,0.0,50.0,0.0,20,1024,1001,420
564,57.23,24.32,10,0.0,50.0,0.0,20,1024,1001,420
565,57.23,24.32,10,0.0,50.0,0.0,20,1024,1001,420
566,57.23,24.32,10,0.0,50.0,0.0,20,1024,1001,420
567,57.23,24.32,10,0.0,50.0,0.0,20,1024,1001,420
568,57.23,24.32,10,0.0,50.0,0.0,20,1024,1001,420
569,57.23,24.32,10,0.0,50.0,0.0,20,1024,1001,420
570,57.23,24.32,10,0.0,50.0,0.0,20,1024,1001,420
571,1024,1001,420
572,57.23,24.32,10,0.0,50.0,0.0,20,1024,1001,420
573,57.23,24.32,10,0.0,50.0,0.0,20,1024,1001,420
574,57.23,24.32,10,0.0,50.0,0.0,20,1024,1001,420
575,57.23,24.32,10,0.0,50.0,0.0,20,1024,1001,420
576,57.23,24.32,10,0.0,50.0,0.0,20,1024,1001,420
577,57.23,24.32,10,0.0,50.0,0.0,20,1024,1001,420
578,57.23,24.32,10,0.0,50.0,0.0,20,1024,1001,420
579,57.23,24.32,10,0.0,50.0,0.0,20,1024,1001,420
580,57.23,24.32,10,0.0,50.0,0.0,20,1024,1001,420
581,1024,1001,420
582,57.23,24.32,10,0.0,50.0,0.0,20,1024,1001,420
583,57.23,24.32,10,0.0,50.0,0.0,20,1024,1001,420
584,57.23,24.32,10,0.0,50.0,0.0,20,1024,1001,420
585,57.23,24.32,10,0.0,50.0,0.0,20,1024,1001,420
586,57.23,24.32,10,0.0,50.0,0.0,20,1024,1001,420
587,57.23,24.32,10,0.0,50.0,0.0,20,1024,1001,420
588,57.23,24.32,10,0.0,50.0,0.0,20,1024,1001,420
589,57.23,24.32,10,0.0,50.0,0.0,20,1024,1001,420
590,57.23,24.32,10,0.0,50.0,0.0,20,1024,1001,420
591,1024,1001,420
592,57.23,24.32,10,0.0,50.0,0.0,20,1024,1001,420
593,57.23,24.32,10,0.0,50.0,0.0,20,1024,1001,420
594,57.23,24.32,10,0.0,50.0,0.0,20,1024,1001,420
595,57.23,24.32,10,0.0,50.0,0.0,20,1024,1001,420
596,57.23,24.32,10,0.0,50.0,0.0,20,1024,1001,420
597,57.23,24.32,10,0.0,50.0,0.0,20,1024,1001,420
598,57.23,24.32,10,0.0,50.0,0.0,20,1024,1001,420
599,57.23,24.32,10,0.0,50.0,0.0,20,1024,1001,420
600,57.23,24.32,10,0.0,50.0,0.0,20,1024,1001,420
601,1024,1001,420
602,57.23,24.32,10,0.0,50.0,0.0,20,1024,1001,420
603,57.23,24.32,10,0.0,50.0,0.0,20,1024,1001,420
604,57.23,24.32,10,0.0,50.0,0.0,20,1024,1001,420
605,57.23,24.32,10,0.0,50.0,0.0,20,1024,1001,420
606,57.23,24.32,10,0.0,50.0,0.0,20,1024,1001,420
607,57.23,24.32,10,0.0,50.0,0.0,20,1024,1001,420
608,57.23,24.32,10,0.0,50.0,0.0,20,1024,1001,420
609,57.23,24.32,10,0.0,50.0,0.0,20,1024,1001,420
610,57.23,24.32,10,0.0,50.0,0.0,20,1024,1001,420
611,1024,1001,420
612,57.23,24.32,10,0.0,50.0,0.0,20,1024,1001,420
613,57.23,24.32,10,0.0,50.0,0.0,20,1024,1001,420
614,57.23,24.32,10,0.0,50.0,0.0,20,1024,1001,420
615,57.23,24.32,10,0.0,50.0,0.0,20,1024,1001,420
616,57.23,24.32,10,0.0,50.0,0.0,20,1024,1001,420
617,57.23,24.32,10,0.0,50.0,0.0,20,1024,1001,420
618,57.23,24.32,10,0.0,50.0,0.0,20,1024,1001,420
619,57.23,24.32,10,0.0,50.0,0.0,20,1024,1001,420
620,57.23,24.32,10,0.0,50.0,0.0,20,1024,1001,420
621,1024,1001,420
622,57.23,24.32,10,0.0,50.0,0.0,20,1024,1001,420
623,57.23,24.32,10,0.0,50.0,0.0,20,1024,1001,420
624,57.23,24.32,10,0.0,50.0,0.0,20,1024,1001,420
625,57.23,24.32,10,0.0,50.0,0.0,20,1024,1001,420
626,57.23,24.32,10,0.0,50.0,0.0,20,1024,1001,420
627,57.23,24.32,10,0.0,50.0,0.0,20,1024,1001,420
628,57.23,24.32,10,0.0,50.0,0.0,20,1024,1001,420
629,57.23,24.32,10,0.0,50.0,0.0,20,1024,1001,420
630,57.23,24.32,10,0.0,50.0,0.0,20,1024,1001,420
631,1024,1001,420
632,57.23,24.32,10,0.0,50.0,0.0,20,1024,1001,420
633,57.23,24.32,10,0.0,50.0,0.0,20,1024,1001,420
634,57.23,24.32,10,0.0,50.0,0.0,20,1024,1001,420
635,57.23,24.32,10,0.0,50.0,0.0,20,1024,1001,420
636,57.23,24.32,10,0.0,50.0,0.0,20,1024,1001,420
637,57.23,24.32,10,0.0,50.0,0.0,20,1024,1001,420
638,57.23,24.32,10,0.0,50.0,0.0,20,1024,1001,420
639,57.23,24.32,10,0.0,50.0,0.0,20,1024,1001,420
640,57.23,24.32,10,0.0,50.0,0.0,20,1024,1001,420
641,1024,1001,420
642,57.23,24.32,10,0.0,50.0,0.0,20,1024,1001,420
643,57.23,24.32,10,0.0,50.0,0.0,20,1024,1001,420
644,57.23,24.32,10,0.0,50.0,0.0,20,1024,1001,420
645,57.23,24.32,10,0.0,50.0,0.0,20,1024,1001,420
646,57.23,24.32,10,0.0,50.0,0.0,20,1024,1001,420
647,57.23,24.32,10,0.0,50.0,0.0,20,1024,1001,420
648,57.23,24.32,10,0.0,50.0,0.0,20,1024,1001,420
649,57.23,24.32,10,0.0,50.0,0.0,20,1024,1001,420
650,57.23,24.32,10,0.0,50.0,0.0,20,1024,1001,420
651,1024,1001,420
652,57.23,24.32,10,0.0,50.0,0.0,20,1024,1001,420
653,57.23,24.32,10,0.0,50.0,0.0,20,1024,1001,420
654,57.23,24.32,10,0.0,50.0,0.0,20,1024,1001,420
655,57.23,24.32,10,0.0,50.0,0.0,20,1024,1001,420
656,57.23,24.32,10,0.0,50.0,0.0,20,1024,1001,420
657,57.23,24.32,10,0.0,50.0,0.0,20,1024,1001,420
658,57.23,24.32,10,0.0,50.0,0.0,20,1024,1001,420
659,57.23,24.32,10,0.0,50.0,0.0,20,1024,1001,420
660,57.23,24.32,10,0.0,50.0,0.0,20,1024,1001,420
661,1024,1001,420
662,57.23,24.32,10,0.0,50.0,0.0,20,1024,1001,420
663,57.23,24.32,10,0.0,50.0,0.0,20,1024,1001,420
664,57.23,24.32,10,0.0,50.0,0.0,20,1024,1001,420
665,57.23,24.32,10,0.0,50.0,0.0,20,1024,1001,420
666,57.23,24.32,10,0.0,50.0,0.0,20,1024,1001,420
667,57.23,24.32,10,0.0,50.0,0.0,20,1024,1001,420
668,57.23,24.32,10,0.0,50.0,0.0,20,1024,1001,420
669,57.23,24.32,10,0.0,50.0,0.0,20,1024,1001,420
670,57.23,24.32,10,0.0,50.0,0.0,20,1024,1001,420
671,1024,1001,420
672,57.23,24.32,10,0.0,50.0,0.0,20,1024,1001,420
673,57.23,24.32,10,0.0,50.0,0.0,20,1024,1001,420
674,57.23,24.32,10,0.0,50.0,0.0,20,1024,1001,420
675,57.23,24.32,10,0.0,50.0,0.0,20,1024,1001,420
676,57.23,24.32,10,0.0,50.0,0.0,20,1024,1001,457.23,24.32,10,0.0,50.0,0.0,20,1024,1001,420
677,20
678,57.23,24.32,10,0.0,50.0,0.0,20,1024,1001,420
679,57.23,24.32,10,0.0,50.0,0.0,20,1024,1001,420
680,57.23,24.32,10,0.0,50.0,0.0,20,1024,1001,420
681,1024,1001,420
682,57.23,24.32,10,0.0,50.0,0.0,20,1024,1001,420
683,57.23,24.32,10,0.0,50.0,0.0,20,1024,1001,420
684,57.23,24.32,10,0.0,50.0,0.0,20,1024,1001,420
685,57.23,24.32,10,0.0,50.0,0.0,20,1024,1001,420
686,57.23,24.32,10,0.0,50.0,0.0,20,1024,1001,457.23,24.32,10,0.0,50.0,0.0,20,1024,1001,420
687,20
688,57.23,24.32,10,0.0,50.0,0.0,20,1024,1001,420
689,57.23,24.32,10,0.0,50.0,0.0,20,1024,1001,420
690,57.23,24.32,10,0.0,50.0,0.0,20,1024,1001,420
691,1024,1001,420
692,57.23,24.32,10,0.0,50.0,0.0,20,1024,1001,420
693,57.23,24.32,10,0.0,50.0,0.0,20,1024,1001,420
694,57.23,24.32,10,0.0,50.0,0.0,20,1024,1001,420
695,57.23,24.32,10,0.0,50.0,0.0,20,1024,1001,420
696,57.23,24.32,10,0.0,50.0,0.0,20,1024,1001,457.23,24.32,10,0.0,50.0,0.0,20,1024,1001,420
697,20
698,57.23,24.32,10,0.0,50.0,0.0,20,1024,1001,420
699,57.23,24.32,10,0.0,50.0,0.0,20,1024,1001,420
700,57.23,24.32,10,0.0,50.0,0.0,20,1024,1001,420
701,1024,1001,420
702,57.23,24.32,10,0.0,50.0,0.0,20,1024,1001,420
703,57.23,24.32,10,0.0,50.0,0.0,20,1024,1001,420
704,57.23,24.32,10,0.0,50.0,0.0,20,1024,1001,420
705,57.23,24.32,10,0.0,50.0,0.0,20,1024,1001,420
706,57.23,24.32,10,0.0,50.0,0.0,20,1024,1001,457.23,24.32,10,0.0,50.0,0.0,20,1024,1001,420
707,20
708,57.23,24.32,10,0.0,50.0,0.0,20,1024,1001,420
709,57.23,24.32,10,0.0,50.0,0.0,20,1024,1001,420
710,57.23,24.32,10,0.0,50.0,0.0,20,1024,1001,420
711,1024,1001,420
712,57.23,24.32,10,0.0,50.0,0.0,20,1024,1001,420
713,57.23,24.32,10,0.0,50.0,0.0,20,1024,1001,420
714,57.23,24.32,10,0.0,50.0,0.0,20,1024,1001,420
715,57.23,24.32,10,0.0,50.0,0.0,20,1024,1001,420
716,57.23,24.32,10,0.0,50.0,0.0,20,1024,1001,457.23,24.32,10,0.0,50.0,0.0,20,1024,1001,420
717,20
718,57.23,24.32,10,0.0,50.0,0.0,20,1024,1001,420
719,57.23,24.32,10,0.0,50.0,0.0,20,1024,1001,420
720,57.23,24.32,10,0.0,50.0,0.0,20,1024,1001,420
721,1024,1001,420
722,57.23,24.32,10,0.0,50.0,0.0,20,1024,1001,420
723,57.23,24.32,10,0.0,50.0,0.0,20,1024,1001,420
724,57.23,24.32,10,0.0,50.0,0.0,20,1024,1001,420
725,57.23,24.32,10,0.0,50.0,0.0,20,1024,1001,420
726,57.23,24.32,10,0.0,50.0,0.0,20,1024,1001,457.23,24.32,10,0.0,50.0,0.0,20,1024,1001,420
727,20
728,57.23,24.32,10,0.0,50.0,0.0,20,1024,1001,420
729,57.23,24.32,10,0.0,50.0,0.0,20,1024,1001,420
730,57.23,24.32,10,0.0,50.0,0.0,20,1024,1001,420
731,1024,1001,420
732,57.23,24.32,10,0.0,50.0,0.0,20,1024,1001,420
733,57.23,24.32,10,0.0,50.0,0.0,20,1024,1001,420
734,57.23,24.32,10,0.0,50.0,0.0,20,1024,1001,420
735,57.23,24.32,10,0.0,50.0,0.0,20,1024,1001,420
736,57.23,24.32,10,0.0,50.0,0.0,20,1024,1001,457.23,24.32,10,0.0,50.0,0.0,20,1024,1001,420
737,20
738,57.23,24.32,10,0.0,50.0,0.0,20,1024,1001,420
739,57.23,24.32,10,0.0,50.0,0.0,20,1024,1001,420
740,57.23,24.32,10,0.0,50.0,0.0,20,1024,1001,420
741,1024,1001,420
742,57.23,24.32,10,0.0,50.0,0.0,20,1024,1001,420
743,57.23,24.32,10,0.0,50.0,0.0,20,1024,1001,420
744,57.23,24.32,10,0.0,50.0,0.0,20,1024,1001,420
745,57.23,24.32,10,0.0,50.0,0.0,20,1024,1001,420
746,57.23,24.32,10,0.0,50.0,0.0,20,1024,1001,457.23,24.32,10,0.0,50.0,0.0,20,1024,1001,420
747,20
748,57.23,24.32,10,0.0,50.0,0.0,20,1024,1001,420
749,57.23,24.32,10,0.0,50.0,0.0,20,1024,1001,420
750,57.23,24.32,10,0.0,50.0,0.0,20,1024,1001,420
751,1024,1001,420
752,57.23,24.32,10,0.0,50.0,0.0,20,1024,1001,420
753,57.23,24.32,10,0.0,50.0,0.0,20,1024,1001,420
754,57.23,24.32,10,0.0,50.0,0.0,20,1024,1001,420
755,57.23,24.32,10,0.0,50.0,0.0,20,1024,1001,420
756,57.23,24.32,10,0.0,50.0,0.0,20,1024,1001,457.23,24.32,10,0.0,50.0,0.0,20,1024,1001,420
757,20
758,57.23,24.32,10,0.0,50.0,0.0,20,1024,1001,420
759,57.23,24.32,10,0.0,50.0,0.0,20,1024,1001,420
760,57.23,24.32,10,0.0,50.0,0.0,20,1024,1001,420
761,1024,1001,420
762,57.23,24.32,10,0.0,50.0,0.0,20,1024,1001,420
763,57.23,24.32,10,0.0,50.0,0.0,20,1024,1001,420
764,57.23,24.32,10,0.0,50.0,0.0,20,1024,1001,420
765,57.23,24.32,10,0.0,50.0,0.0,20,1024,1001,420
766,57.23,24.32,10,0.0,50.0,0.0,20,1024,1001,457.23,24.32,10,0.0,50.0,0.0,20,1024,1001,420
767,20
768,57.23,24.32,10,0.0,50.0,0.0,20,1024,1001,420
769,57.23,24.32,10,0.0,50.0,0.0,20,1024,1001,420
770,57.23,24.32,10,0.0,50.0,0.0,20,1024,1001,420
771,1024,1001,420
772,57.23,24.32,10,0.0,50.0,0.0,20,1024,1001,420
773,57.23,24.32,10,0.0,50.0,0.0,20,1024,1001,420
774,57.23,24.32,10,0.0,50.0,0.0,20,1024,1001,420
775,57.23,24.32,10,0.0,50.0,0.0,20,1024,1001,420
776,57.23,24.32,10,0.0,50.0,0.0,20,1024,1001,457.23,24.32,10,0.0,50.0,0.0,20,1024,1001,420
777,20
778,57.23,24.32,10,0.0,50.0,0.0,20,1024,1001,420
779,57.23,24.32,10,0.0,50.0,0.0,20,1024,1001,420
780,57.23,24.32,10,0.0,50.0,0.0,20,1024,1001,420
781,1024,1001,420
782,57.23,24.32,10,0.0,50.0,0.0,20,1024,1001,420
783,57.23,24.32,10,0.0,50.0,0.0,20,1024,1001,420
784,57.23,24.32,10,0.0,50.0,0.0,20,1024,1001,420
785,57.23,24.32,10,0.0,50.0,0.0,20,1024,1001,420
786,57.23,24.32,10,0.0,50.0,0.0,20,1024,1001,457.23,24.32,10,0.0,50.0,0.0,20,1024,1001,420
787,20
788,57.23,24.32,10,0.0,50.0,0.0,20,1024,1001,420
789,57.23,24.32,10,0.0,50.0,0.0,20,1024,1001,420
790,57.23,24.32,10,0.0,50.0,0.0,20,1024,1001,420
791,1024,1001,420
792,57.23,24.32,10,0.0,50.0,0.0,20,1024,1001,420
793,57.23,24.32,10,0.0,50.0,0.0,20,1024,1001,420
794,57.23,24.32,10,0.0,50.0,0.0,20,1024,1001,420
795,57.23,24.32,10,0.0,50.0,0.0,20,1024,1001,420
796,57.23,24.32,10,0.0,50.0,0.0,20,1024,1001,457.23,24.32,10,0.0,50.0,0.0,20,1024,1001,420
797,20
798,57.23,24.32,10,0.0,50.0,0.0,20,1024,1001,420
799,57.23,24.32,10,0.0,50.0,0.0,20,1024,1001,420
800,57.23,24.32,10,0.0,50.0,0.0,20,1024,1001,420
801,1024,1001,420
802,57.23,24.32,10,0.0,50.0,0.0,20,1024,1001,420
803,57.23,24.32,10,0.0,50.0,0.0,20,1024,1001,420
804,57.23,24.32,10,0.0,50.0,0.0,20,1024,1001,420
805,57.23,24.32,10,0.0,50.0,0.0,20,1024,1001,420
806,57.23,24.32,10,0.0,50.0,0.0,20,1024,1001,457.23,24.32,10,0.0,50.0,0.0,20,1024,1001,420
807,20
808,57.23,24.32,10,0.0,50.0,0.0,20,1024,1001,420
809,57.23,24.32,10,0.0,50.0,0.0,20,1024,1001,420
810,57.23,24.32,10,0.0,50.0,0.0,20,1024,1001,420
811,1024,1001,420
812,57.23,24.32,10,0.0,50.0,0.0,20,1024,1001,420
813,57.23,24.32,10,0.0,50.0,0.0,20,1024,1001,420
814,57.23,24.32,10,0.0,50.0,0.0,20,1024,1001,420
815,57.23,24.32,10,0.0,50.0,0.0,20,1024,1001,420
816,57.23,24.32,10,0.0,50.0,0.0,20,1024,1001,457.23,24.32,10,0.0,50.0,0.0,20,1024,1001,420
817,20
818,57.23,24.32,10,0.0,50.0,0.0,20,1024,1001,420
819,57.23,24.32,10,0.0,50.0,0.0,20,1024,1001,420
820,57.23,24.32,10,0.0,50.0,0.0,20,1024,1001,420
821,1024,1001,420
822,57.23,24.32,10,0.0,50.0,0.0,20,1024,1001,420
823,57.23,24.32,10,0.0,50.0,0.0,20,1024,1001,420
824,57.23,24.32,10,0.0,50.0,0.0,20,1024,1001,420
825,57.23,24.32,10,0.0,50.0,0.0,20,1024,1001,420
826,57.23,24.32,10,0.0,50.0,0.0,20,1024,1001,457.23,24.32,10,0.0,50.0,0.0,20,1024,1001,420
827,20
828,57.23,24.32,10,0.0,50.0,0.0,20,1024,1001,420
829,57.23,24.32,10,0.0,50.0,0.0,20,1024,1001,420
830,57.23,24.32,10,0.0,50.0,0.0,20,1024,1001,420
831,1024,1001,420
832,57.23,24.32,10,0.0,50.0,0.0,20,1024,1001,420
833,57.23,24.32,10,0.0,50.0,0.0,20,1024,1001,420
834,57.23,24.32,10,0.0,50.0,0.0,20,1024,1001,420
835,57.23,24.32,10,0.0,50.0,0.0,20,1024,1001,420
836,57.23,24.32,10,0.0,50.0,0.0,20,1024,1001,457.23,24.32,10,0.0,50.0,0.0,20,1024,1001,420
837,20
838,57.23,24.32,10,0.0,50.0,0.0,20,1024,1001,420
839,57.23,24.32,10,0.0,50.0,0.0,20,1024,1001,420
840,57.23,24.32,10,0.0,50.0,0.0,20,1024,1001,420
841,1024,1001,420
842,57.23,24.32,10,0.0,50.0,0.0,20,1024,1001,420
843,57.23,24.32,10,0.0,50.0,0.0,20,1024,1001,420
844,57.23,24.32,10,0.0,50.0,0.0,20,1024,1001,420
845,57.23,24.32,10,0.0,50.0,0.0,20,1024,1001,420
846,57.23,24.32,10,0.0,50.0,0.0,20,1024,1001,457.23,24.32,10,0.0,50.0,0.0,20,1024,1001,420
847,20
848,57.23,24.32,10,0.0,50.0,0.0,20,1024,1001,420
849,57.23,24.32,10,0.0,50.0,0.0,20,1024,1001,420
850,57.23,24.32,10,0.0,50.0,0.0,20,1024,1001,420
851,1024,1001,420
852,57.23,24.32,10,0.0,50.0,0.0,20,1024,1001,420
853,57.23,24.32,10,0.0,50.0,0.0,20,1024,1001,420
854,57.23,24.32,10,0.0,50.0,0.0,20,1024,1001,420
855,57.23,24.32,10,0.0,50.0,0.0,20,1024,1001,420
856,57.23,24.32,10,0.0,50.0,0.0,20,1024,1001,457.23,24.32,10,0.0,50.0,0.0,20,1024,1001,420
857,20
858,57.23,24.32,10,0.0,50.0,0.0,20,1024,1001,420
859,57.23,24.32,10,0.0,50.0,0.0,20,1024,1001,420
860,57.23,24.32,10,0.0,50.0,0.0,20,1024,1001,420
861,1024,1001,420
862,57.23,24.32,10,0.0,50.0,0.0,20,1024,1001,420
863,57.23,24.32,10,0.0,50.0,0.0,20,1024,1001,420
864,57.23,24.32,10,0.0,50.0,0.0,20,1024,1001,420
865,57.23,24.32,10,0.0,50.0,0.0,20,1024,1001,420
866,57.23,24.32,10,0.0,50.0,0.0,20,1024,1001,457.23,24.32,10,0.0,50.0,0.0,20,1024,1001,420
867,20
868,57.23,24.32,10,0.0,50.0,0.0,20,1024,1001,420
869,57.23,24.32,10,0.0,50.0,0.0,20,1024,1001,420
870,57.23,24.32,10,0.0,50.0,0.0,20,1024,1001,420
871,1024,1001,420
872,57.23,24.32,10,0.0,50.0,0.0,20,1024,1001,420
873,57.23,24.32,10,0.0,50.0,0.0,20,1024,1001,420
874,57.23,24.32,10,0.0,50.0,0.0,20,1024,1001,420
875,57.23,24.32,10,0.0,50.0,0.0,20,1024,1001,420
876,57.23,24.32,10,0.0,50.0,0.0,20,1024,1001,457.23,24.32,10,0.0,50.0,0.0,20,1024,1001,420
877,20
878,57.23,24.32,10,0.0,50.0,0.0,20,1024,1001,420
879,57.23,24.32,10,0.0,50.0,0.0,20,1024,1001,420
880,57.23,24.32,10,0.0,50.0,0.0,20,1024,1001,420
881,1024,1001,420
882,57.23,24.32,10,0.0,50.0,0.0,20,1024,1001,420
883,57.23,24.32,10,0.0,50.0,0.0,20,1024,1001,420
884,57.23,24.32,10,0.0,50.0,0.0,20,1024,1001,420
885,57.23,24.32,10,0.0,50.0,0.0,20,1024,1001,420
886,57.23,24.32,10,0.0,50.0,0.0,20,1024,1001,457.23,24.32,10,0.0,50.0,0.0,20,1024,1001,420
887,20
888,57.23,24.32,10,0.0,50.0,0.0,20,1024,1001,420
889,57.23,24.32,10,0.0,50.0,0.0,20,1024,1001,420
890,57.23,24.32,10,0.0,50.0,0.0,20,1024,1001,420
891,1024,1001,420
892,57.23,24.32,10,0.0,50.0,0.0,20,1024,1001,420
893,57.23,24.32,10,0.0,50.0,0.0,20,1024,1001,420
894,57.23,24.32,10,0.0,50.0,0.0,20,1024,1001,420
895,57.23,24.32,10,0.0,50.0,0.0,20,1024,1001,420
896,57.23,24.32,10,0.0,50.0,0.0,20,1024,1001,457.23,24.32,10,0.0,50.0,0.0,20,1024,1001,420
897,20
898,57.23,24.32,10,0.0,50.0,0.0,20,1024,1001,420
899,57.23,24.32,10,0.0,50.0,0.0,20,1024,1001,420
900,57.23,24.32,10,0.0,50.0,0.0,20,1024,1001,420
901,1024,1001,420
902,57.23,24.32,10,0.0,50.0,0.0,20,1024,1001,420
903,57.23,24.32,10,0.0,50.0,0.0,20,1024,1001,420
904,57.23,24.32,10,0.0,50.0,0.0,20,1024,1001,420
905,57.23,24.32,10,0.0,50.0,0.0,20,1024,1001,420
906,57.23,24.32,10,0.0,50.0,0.0,20,1024,1001,457.23,24.32,10,0.0,50.0,0.0,20,1024,1001,420
907,20
908,57.23,24.32,10,0.0,50.0,0.0,20,1024,1001,420
909,57.23,24.32,10,0.0,50.0,0.0,20,1024,1001,420
910,57.23,24.32,10,0.0,50.0,0.0,20,1024,1001,420
911,1024,1001,420
912,57.23,24.32,10,0.0,50.0,0.0,20,1024,1001,420
913,57.23,24.32,10,0.0,50.0,0.0,20,1024,1001,420
914,57.23,24.32,10,0.0,50.0,0.0,20,1024,1001,420
915,57.23,24.32,10,0.0,50.0,0.0,20,1024,1001,420
916,57.23,24.32,10,0.0,50.0,0.0,20,1024,1001,457.23,24.32,10,0.0,50.0,0.0,20,1024,1001,420
917,20
918,57.23,24.32,10,0.0,50.0,0.0,20,1024,1001,420
919,57.23,24.32,10,0.0,50.0,0.0,20,1024,1001,420
920,57.23,24.32,10,0.0,50.0,0.0,20,1024,1001,420
921,1024,1001,420
922,57.23,24.32,10,0.0,50.0,0.0,20,1024,1001,420
923,57.23,24.32,10,0.0,50.0,0.0,20,1024,1001,420
924,57.23,24.32,10,0.0,50.0,0.0,20,1024,1001,420
925,57.23,24.32,10,0.0,50.0,0.0,20,1024,1001,420
926,57.23,24.32,10,0.0,50.0,0.0,20,1024,1001,457.23,24.32,10,0.0,50.0,0.0,20,1024,1001,420
927,20
928,57.23,24.32,10,0.0,50.0,0.0,20,1024,1001,420
929,57.23,24.32,10,0.0,50.0,0.0,20,1024,1001,420
930,57.23,24.32,10,0.0,50.0,0.0,20,1024,1001,420
931,1024,1001,420
932,57.23,24.32,10,0.0,50.0,0.0,20,1024,1001,420
933,57.23,24.32,10,0.0,50.0,0.0,20,1024,1001,420
934,57.23,24.32,10,0.0,50.0,0.0,20,1024,1001,420
935,57.23,24.32,10,0.0,50.0,0.0,20,1024,1001,420
936,57.23,24.32,10,0.0,50.0,0.0,20,1024,1001,457.23,24.32,10,0.0,50.0,0.0,20,1024,1001,420
937,20
938,57.23,24.32,10,0.0,50.0,0.0,20,1024,1001,420
939,57.23,24.32,10,0.0,50.0,0.0,20,1024,1001,420
940,57.23,24.32,10,0.0,50.0,0.0,20,1024,1001,420
941,1024,1001,420
942,57.23,24.32,10,0.0,50.0,0.0,20,1024,1001,420
943,57.23,24.32,10,0.0,50.0,0.0,20,1024,1001,420
944,57.23,24.32,10,0.0,50.0,0.0,20,1024,1001,420
945,57.23,24.32,10,0.0,50.0,0.0,20,1024,1001,420
946,57.23,24.32,10,0.0,50.0,0.0,20,1024,1001,457.23,24.32,10,0.0,50.0,0.0,20,1024,1001,420
947,20
948,57.23,24.32,10,0.0,50.0,0.0,20,1024,1001,420
949,57.23,24.32,10,0.0,50.0,0.0,20,1024,1001,420
950,57.23,24.32,10,0.0,50.0,0.0,20,1024,1001,420
951,1024,1001,420
952,57.23,24.32,10,0.0,50.0,0.0,20,1024,1001,420
953,57.23,24.32,10,0.0,50.0,0.0,20,1024,1001,420
954,57.23,24.32,10,0.0,50.0,0.0,20,1024,1001,420
955,57.23,24.32,10,0.0,50.0,0.0,20,1024,1001,420
956,57.23,24.32,10,0.0,50.0,0.0,20,1024,1001,457.23,24.32,10,0.0,50.0,0.0,20,1024,1001,420
957,20
958,57.23,24.32,10,0.0,50.0,0.0,20,1024,1001,420
959,57.23,24.32,10,0.0,50.0,0.0,20,1024,1001,420
960,57.23,24.32,10,0.0,50.0,0.0,20,1024,1001,420
961,1024,1001,420
962,57.23,24.32,10,0.0,50.0,0.0,20,1024,1001,420
963,57.23,24.32,10,0.0,50.0,0.0,20,1024,1001,420
964,57.23,24.32,10,0.0,50.0,0.0,20,1024,1001,420
965,57.23,24.32,10,0.0,50.0,0.0,20,1024,1001,420
966,57.23,24.32,10,0.0,50.0,0.0,20,1024,1001,457.23,24.32,10,0.0,50.0,0.0,20,1024,1001,420
967,20
968,57.23,24.32,10,0.0,50.0,0.0,20,1024,1001,420
969,57.23,24.32,10,0.0,50.0,0.0,20,1024,1001,420
970,57.23,24.32,10,0.0,50.0,0.0,20,1024,1001,420
971,1024,1001,420
972,57.23,24.32,10,0.0,50.0,0.0,20,1024,1001,420
973,57.23,24.32,10,0.0,50.0,0.0,20,1024,1001,420
974,57.23,24.32,10,0.0,50.0,0.0,20,1024,1001,420
975,57.23,24.32,10,0.0,50.0,0.0,20,1024,1001,420
976,57.23,24.32,10,0.0,50.0,0.0,20,1024,1001,457.23,24.32,10,0.0,50.0,0.0,20,1024,1001,420
977,20
978,57.23,24.32,10,0.0,50.0,0.0,20,1024,1001,420
979,57.23,24.32,10,0.0,50.0,0.0,20,1024,1001,420
980,57.23,24.32,10,0.0,50.0,0.0,20,1024,1001,420
981,1024,1001,420
982,57.23,24.32,10,0.0,50.0,0.0,20,1024,1001,420
983,57.23,24.32,10,0.0,50.0,0.0,20,1024,1001,420
984,57.23,24.32,10,0.0,50.0,0.0,20,1024,1001,420
985,57.23,24.32,10,0.0,50.0,0.0,20,1024,1001,420
986,57.23,24.32,10,0.0,50.0,0.0,20,1024,1001,457.23,24.32,10,0.0,50.0,0.0,20,1024,1001,420
987,20
988,57.23,24.32,10,0.0,50.0,0.0,20,1024,1001,420
989,57.23,24.32,10,0.0,50.0,0.0,20,1024,1001,420
990,57.23,24.32,10,0.0,50.0,0.0,20,1024,1001,420
991,1024,1001,420
992,57.23,24.32,10,0.0,50.0,0.0,20,1024,1001,420
993,57.23,24.32,10,0.0,50.0,0.0,20,1024,1001,420
994,57.23,24.32,10,0.0,50.0,0.0,20,1024,1001,420
995,57.23,24.32,10,0.0,50.0,0.0,20,1024,1001,420
996,57.23,24.32,10,0.0,50.0,0.0,20,1024,1001,457.23,24.32,10,0.0,50.0,0.0,20,1024,1001,420
997,20
998,57.23,24.32,10,0.0,50.0,0.0,20,1024,1001,420
999,57.23,24.32,10,0.0,50.0,0.0,20,1024,1001,420
1000,57.23,24.32,10,0.0,50.0,0.0,20,1024,1001,420
1001,1024,1001,420
1002,57.23,24.32,10,0.0,50.0,0.0,20,1024,1001,420
1003,57.23,24.32,10,0.0,50.0,0.0,20,1024,1001,420
1004,57.23,24.32,10,0.0,50.0,0.0,20,1024,1001,420
1005,57.23,24.32,10,0.0,50.0,0.0,20,1024,1001,420
1006,57.23,24.32,10,0.0,50.0,0.0,20,1024,1001,457.23,24.32,10,0.0,50.0,0.0,20,1024,1001,420
1007,20
1008,57.23,24.32,10,0.0,50.0,0.0,20,1024,1001,420
1009,57.23,24.32,10,0.0,50.0,0.0,20,1024,1001,420
1010,57.23,24.32,10,0.0,50.0,0.0,20,1024,1001,420
1011,1024,1001,420
1012,57.23,24.32,10,0.0,50.0,0.0,20,1024,1001,420
1013,57.23,24.32,10,0.0,50.0,0.0,20,1024,1001,420
1014,57.23,24.32,10,0.0,50.0,0.0,20,1024,1001,420
1015,57.23,24.32,10,0.0,50.0,0.0,20,1024,1001,420
1016,57.23,24.32,10,0.0,50.0,0.0,20,1024,1001,457.23,24.32,10,0.0,50.0,0.0,20,1024,1001,420
1017,20
1018,57.23,24.32,10,0.0,50.0,0.0,20,1024,1001,420
1019,57.23,24.32,10,0.0,50.0,0.0,20,1024,1001,420
1020,57.23,24.32,10,0.0,50.0,0.0,20,1024,1001,420
1021,1024,1001,420
1022,57.23,24.32,10,0.0,50.0,0.0,20,1024,1001,420
1023,57.23,24.32,10,0.0,50.0,0.0,20,1024,1001,420
1024,57.23,24.32,10,0.0,50.0,0.0,20,1024,1001,420
1025,57.23,24.32,10,0.0,50.0,0.0,20,1024,1001,420
1026,57.23,24.32,10,0.0,50.0,0.0,20,1024,1001,457.23,24.32,10,0.0,50.0,0.0,20,1024,1001,420
1027,20
1028,57.23,24.32,10,0.0,50.0,0.0,20,1024,1001,420
1029,57.23,24.32,10,0.0,50.0,0.0,20,1024,1001,420
1030,57.23,24.32,10,0.0,50.0,0.0,20,1024,1001,420
1031,1024,1001,420
1032,57.23,24.32,10,0.0,50.0,0.0,20,1024,1001,420
1033,57.23,24.32,10,0.0,50.0,0.0,20,1024,1001,420
1034,57.23,24.32,10,0.0,50.0,0.0,20,1024,1001,420
1035,57.23,24.32,10,0.0,50.0,0.0,20,1024,1001,420
1036,57.23,24.32,10,0.0,50.0,0.0,20,1024,1001,457.23,24.32,10,0.0,50.0,0.0,20,1024,1001,420
1037,20
1038,57.23,24.32,10,0.0,50.0,0.0,20,1024,1001,420
1039,57.23,24.32,10,0.0,50.0,0.0,20,1024,1001,420
1040,57.23,24.32,10,0.0,50.0,0.0,20,1024,1001,420
1041,1024,1001,420
1042,57.23,24.32,10,0.0,50.0,0.0,20,1024,1001,420
1043,57.23,24.32,10,0.0,50.0,0.0,20,1024,1001,420
1044,57.23,24.32,10,0.0,50.0,0.0,20,1024,1001,420
1045,57.23,24.32,10,0.0,50.0,0.0,20,1024,1001,420
1046,57.23,24.32,10,0.0,50.0,0.0,20,1024,1001,457.23,24.32,10,0.0,50.0,0.0,20,1024,1001,420
1047,20
1048,57.23,24.32,10,0.0,50.0,0.0,20,1024,1001,420
1049,57.23,24.32,10,0.0,50.0,0.0,20,1024,1001,420
1050,57.23,24.32,10,0.0,50.0,0.0,20,1024,1001,420
1051,1024,1001,420
1052,57.23,24.32,10,0.0,50.0,0.0,20,1024,1001,420
1053,57.23,24.32,10,0.0,50.0,0.0,20,1024,1001,420
1054,57.23,24.32,10,0.0,50.0,0.0,20,1024,1001,420
1055,57.23,24.32,10,0.0,50.0,0.0,20,1024,1001,420
1056,57.23,24.32,10,0.0,50.0,0.0,20,1024,1001,457.23,24.32,10,0.0,50.0,0.0,20,1024,1001,420
1057,20
1058,57.23,24.32,10,0.0,50.0,0.0,20,1024,1001,420
1059,57.23,24.32,10,0.0,50.0,0.0,20,1024,1001,420
1060,57.23,24.32,10,0.0,50.0,0.0,20,1024,1001,420
1061,1024,1001,420
1062,57.23,24.32,10,0.0,50.0,0.0,20,1024,1001,420
1063,57.23,24.32,10,0.0,50.0,0.0,20,1024,1001,420
1064,57.23,24.32,10,0.0,50.0,0.0,20,1024,1001,420
1065,57.23,24.32,10,0.0,50.0,0.0,20,1024,1001,420
1066,57.23,24.32,10,0.0,50.0,0.0,20,1024,1001,457.23,24.32,10,0.0,50.0,0.0,20,1024,1001,420
1067,57.23,24.32,10,0.0,50.0,0.0,20,1024,1001,420
1068,20
1069,57.23,24.32,10,0.0,50.0,0.0,20,1024,1001,420
1070,57.23,24.32,10,0.0,50.0,0.0,20,1024,1001,420
1071,1024,1001,420
1072,57.23,24.32,10,0.0,50.0,0.0,20,1024,1001,420
1073,57.23,24.32,10,0.0,50.0,0.0,20,1024,1001,420
1074,57.23,24.32,10,0.0,50.0,0.0,20,1024,1001,420
1075,57.23,24.32,10,0.0,50.0,0.0,20,1024,1001,420
1076,57.23,24.32,10,0.0,50.0,0.0,20,1024,1001,457.23,24.32,10,0.0,50.0,0.0,20,1024,1001,420
1077,57.23,24.32,10,0.0,50.0,0.0,20,1024,1001,420
1078,20
1079,57.23,24.32,10,0.0,50.0,0.0,20,1024,1001,420
1080,57.23,24.32,10,0.0,50.0,0.0,20,1024,1001,420
1081,1024,1001,420
1082,57.23,24.32,10,0.0,50.0,0.0,20,1024,1001,420
1083,57.23,24.32,10,0.0,50.0,0.0,20,1024,1001,420
1084,57.23,24.32,10,0.0,50.0,0.0,20,1024,1001,420
1085,57.23,24.32,10,0.0,50.0,0.0,20,1024,1001,420
1086,57.23,24.32,10,0.0,50.0,0.0,20,1024,1001,457.23,24.32,10,0.0,50.0,0.0,20,1024,1001,420
1087,57.23,24.32,10,0.0,50.0,0.0,20,1024,1001,420
1088,20
1089,57.23,24.32,10,0.0,50.0,0.0,20,1024,1001,420
1090,57.23,24.32,10,0.0,50.0,0.0,20,1024,1001,420
1091,1024,1001,420
1092,57.23,24.32,10,0.0,50.0,0.0,20,1024,1001,420
1093,57.23,24.32,10,0.0,50.0,0.0,20,1024,1001,420
1094,57.23,24.32,10,0.0,50.0,0.0,20,1024,1001,420
1095,57.23,24.32,10,0.0,50.0,0.0,20,1024,1001,420
1096,57.23,24.32,10,0.0,50.0,0.0,20,1024,1001,457.23,24.32,10,0.0,50.0,0.0,20,1024,1001,420
1097,57.23,24.32,10,0.0,50.0,0.0,20,1024,1001,420
1098,20
1099,57.23,24.32,10,0.0,50.0,0.0,20,1024,1001,420
1100,57.23,24.32,10,0.0,50.0,0.0,20,1024,1001,420
1101,1024,1001,420
1102,57.23,24.32,10,0.0,50.0,0.0,20,1024,1001,420
1103,57.23,24.32,10,0.0,50.0,0.0,20,1024,1001,420
1104,57.23,24.32,10,0.0,50.0,0.0,20,1024,1001,420
1105,57.23,24.32,10,0.0,50.0,0.0,20,1024,1001,420
1106,57.23,24.32,10,0.0,50.0,0.0,20,1024,1001,457.23,24.32,10,0.0,50.0,0.0,20,1024,1001,420
1107,57.23,24.32,10,0.0,50.0,0.0,20,1024,1001,420
1108,20
1109,57.23,24.32,10,0.0,50.0,0.0,20,1024,1001,420
1110,57.23,24.32,10,0.0,50.0,0.0,20,1024,1001,420
1111,1024,1001,420
1112,57.23,24.32,10,0.0,50.0,0.0,20,1024,1001,420
1113,57.23,24.32,10,0.0,50.0,0.0,20,1024,1001,420
1114,57.23,24.32,10,0.0,50.0,0.0,20,1024,1001,420
1115,57.23,24.32,10,0.0,50.0,0.0,20,1024,1001,420
1116,57.23,24.32,10,0.0,50.0,0.0,20,1024,1001,457.23,24.32,10,0.0,50.0,0.0,20,1024,1001,420
1117,57.23,24.32,10,0.0,50.0,0.0,20,1024,1001,420
1118,20
1119,57.23,24.32,10,0.0,50.0,0.0,20,1024,1001,420
1120,57.23,24.32,10,0.0,50.0,0.0,20,1024,1001,420
1121,1024,1001,420
1122,57.23,24.32,10,0.0,50.0,0.0,20,1024,1001,420
1123,57.23,24.32,10,0.0,50.0,0.0,20,1024,1001,420
1124,57.23,24.32,10,0.0,50.0,0.0,20,1024,1001,420
1125,57.23,24.32,10,0.0,50.0,0.0,20,1024,1001,420
1126,57.23,24.32,10,0.0,50.0,0.0,20,1024,1001,457.23,24.32,10,0.0,50.0,0.0,20,1024,1001,420
1127,57.23,24.32,10,0.0,50.0,0.0,20,1024,1001,420
1128,20
1129,57.23,24.32,10,0.0,50.0,0.0,20,1024,1001,420
1130,57.23,24.32,10,0.0,50.0,0.0,20,1024,1001,420
1131,1024,1001,420
1132,57.23,24.32,10,0.0,50.0,0.0,20,1024,1001,420
1133,57.23,24.32,10,0.0,50.0,0.0,20,1024,1001,420
1134,57.23,24.32,10,0.0,50.0,0.0,20,1024,1001,420
1135,57.23,24.32,10,0.0,50.0,0.0,20,1024,1001,420
1136,57.23,24.32,10,0.0,50.0,0.0,20,1024,1001,457.23,24.32,10,0.0,50.0,0.0,20,1024,1001,420
1137,57.23,24.32,10,0.0,50.0,0.0,20,1024,1001,420
1138,20
1139,57.23,24.32,10,0.0,50.0,0.0,20,1024,1001,420
1140,57.23,24.32,10,0.0,50.0,0.0,20,1024,1001,420
1141,1024,1001,420
1142,57.23,24.32,10,0.0,50.0,0.0,20,1024,1001,420
1143,57.23,24.32,10,0.0,50.0,0.0,20,1024,1001,420
1144,57.23,24.32,10,0.0,50.0,0.0,20,1024,1001,420
1145,57.23,24.32,10,0.0,50.0,0.0,20,1024,1001,420
1146,57.23,24.32,10,0.0,50.0,0.0,20,1024,1001,457.23,24.32,10,0.0,50.0,0.0,20,1024,1001,420
1147,57.23,24.32,10,0.0,50.0,0.0,20,1024,1001,420
1148,20
1149,57.23,24.32,10,0.0,50.0,0.0,20,1024,1001,420
1150,57.23,24.32,10,0.0,50.0,0.0,20,1024,1001,420
1151,1024,1001,420
1152,57.23,24.32,10,0.0,50.0,0.0,20,1024,1001,420
1153,57.23,24.32,10,0.0,50.0,0.0,20,1024,1001,420
1154,57.23,24.32,10,0.0,50.0,0.0,20,1024,1001,420
1155,57.23,24.32,10,0.0,50.0,0.0,20,1024,1001,420
1156,57.23,24.32,10,0.0,50.0,0.0,20,1024,1001,457.23,24.32,10,0.0,50.0,0.0,20,1024,1001,420
1157,57.23,24.32,10,0.0,50.0,0.0,20,1024,1001,420
1158,20
1159,57.23,24.32,10,0.0,50.0,0.0,20,1024,1001,420
1160,57.23,24.32,10,0.0,50.0,0.0,20,1024,1001,420
1161,1024,1001,420
1162,57.23,24.32,10,0.0,50.0,0.0,20,1024,1001,420
1163,57.23,24.32,10,0.0,50.0,0.0,20,1024,1001,420
1164,57.23,24.32,10,0.0,50.0,0.0,20,1024,1001,420
1165,57.23,24.32,10,0.0,50.0,0.0,20,1024,1001,420
1166,57.23,24.32,10,0.0,50.0,0.0,20,1024,1001,457.23,24.32,10,0.0,50.0,0.0,20,1024,1001,420
1167,57.23,24.32,10,0.0,50.0,0.0,20,1024,1001,420
1168,20
1169,57.23,24.32,10,0.0,50.0,0.0,20,1024,1001,420
1170,57.23,24.32,10,0.0,50.0,0.0,20,1024,1001,420
1171,1024,1001,420
1172,57.23,24.32,10,0.0,50.0,0.0,20,1024,1001,420
1173,57.23,24.32,10,0.0,50.0,0.0,20,1024,1001,420
1174,57.23,24.32,10,0.0,50.0,0.0,20,1024,1001,420
1175,57.23,24.32,10,0.0,50.0,0.0,20,1024,1001,420
1176,57.23,24.32,10,0.0,50.0,0.0,20,1024,1001,457.23,24.32,10,0.0,50.0,0.0,20,1024,1001,420
1177,57.23,24.32,10,0.0,50.0,0.0,20,1024,1001,420
1178,20
1179,57.23,24.32,10,0.0,50.0,0.0,20,1024,1001,420
1180,57.23,24.32,10,0.0,50.0,0.0,20,1024,1001,420
1181,1024,1001,420
1182,57.23,24.32,10,0.0,50.0,0.0,20,1024,1001,420
1183,57.23,24.32,10,0.0,50.0,0.0,20,1024,1001,420
1184,57.23,24.32,10,0.0,50.0,0.0,20,1024,1001,420
1185,57.23,24.32,10,0.0,50.0,0.0,20,1024,1001,420
1186,57.23,24.32,10,0.0,50.0,0.0,20,1024,1001,457.23,24.32,10,0.0,50.0,0.0,20,1024,1001,420
1187,57.23,24.32,10,0.0,50.0,0.0,20,1024,1001,420
1188,20
1189,57.23,24.32,10,0.0,50.0,0.0,20,1024,1001,420
1190,57.23,24.32,10,0.0,50.0,0.0,20,1024,1001,420
1191,1024,1001,420
1192,57.23,24.32,10,0.0,50.0,0.0,20,1024,1001,420
1193,57.23,24.32,10,0.0,50.0,0.0,20,1024,1001,420
1194,57.23,24.32,10,0.0,50.0,0.0,20,1024,1001,420
1195,57.23,24.32,10,0.0,50.0,0.0,20,1024,1001,420
1196,57.23,24.32,10,0.0,50.0,0.0,20,1024,1001,457.23,24.32,10,0.0,50.0,0.0,20,1024,1001,420
1197,57.23,24.32,10,0.0,50.0,0.0,20,1024,1001,420
1198,20
1199,57.23,24.32,10,0.0,50.0,0.0,20,1024,1001,420
1200,57.23,24.32,10,0.0,50.0,0.0,20,1024,1001,420
1201,1024,1001,420
1202,57.23,24.32,10,0.0,50.0,0.0,20,1024,1001,420
1203,57.23,24.32,10,0.0,50.0,0.0,20,1024,1001,420
1204,57.23,24.32,10,0.0,50.0,0.0,20,1024,1001,420
1205,57.23,24.32,10,0.0,50.0,0.0,20,1024,1001,420
1206,57.23,24.32,10,0.0,50.0,0.0,20,1024,1001,457.23,24.32,10,0.0,50.0,0.0,20,1024,1001,420
1207,57.23,24.32,10,0.0,50.0,0.0,20,1024,1001,420
1208,20
1209,57.23,24.32,10,0.0,50.0,0.0,20,1024,1001,420
1210,57.23,24.32,10,0.0,50.0,0.0,20,1024,1001,420
1211,1024,1001,420
1212,57.23,24.32,10,0.0,50.0,0.0,20,1024,1001,420
1213,57.23,24.32,10,0.0,50.0,0.0,20,1024,1001,420
1214,57.23,24.32,10,0.0,50.0,0.0,20,1024,1001,420
1215,57.23,24.32,10,0.0,50.0,0.0,20,1024,1001,420
1216,57.23,24.32,10,0.0,50.0,0.0,20,1024,1001,457.23,24.32,10,0.0,50.0,0.0,20,1024,1001,420
1217,57.23,24.32,10,0.0,50.0,0.0,20,1024,1001,420
1218,20
1219,57.23,24.32,10,0.0,50.0,0.0,20,1024,1001,420
1220,57.23,24.32,10,0.0,50.0,0.0,20,1024,1001,420
1221,1024,1001,420
1222,57.23,24.32,10,0.0,50.0,0.0,20,1024,1001,420
1223,57.23,24.32,10,0.0,50.0,0.0,20,1024,1001,420
1224,57.23,24.32,10,0.0,50.0,0.0,20,1024,1001,420
1225,57.23,24.32,10,0.0,50.0,0.0,20,1024,1001,420
1226,57.23,24.32,10,0.0,50.0,0.0,20,1024,1001,457.23,24.32,10,0.0,50.0,0.0,20,1024,1001,420
1227,57.23,24.32,10,0.0,50.0,0.0,20,1024,1001,420
1228,20
1229,57.23,24.32,10,0.0,50.0,0.0,20,1024,1001,420
1230,57.23,24.32,10,0.0,50.0,0.0,20,1024,1001,420
1231,1024,1001,420
1232,57.23,24.32,10,0.0,50.0,0.0,20,1024,1001,420
1233,57.23,24.32,10,0.0,50.0,0.0,20,1024,1001,420
1234,57.23,24.32,10,0.0,50.0,0.0,20,1024,1001,420
1235,57.23,24.32,10,0.0,50.0,0.0,20,1024,1001,420
1236,57.23,24.32,10,0.0,50.0,0.0,20,1024,1001,457.23,24.32,10,0.0,50.0,0.0,20,1024,1001,420
1237,57.23,24.32,10,0.0,50.0,0.0,20,1024,1001,420
1238,20
1239,57.23,24.32,10,0.0,50.0,0.0,20,1024,1001,420
1240,57.23,24.32,10,0.0,50.0,0.0,20,1024,1001,420
1241,1024,1001,420
1242,57.23,24.32,10,0.0,50.0,0.0,20,1024,1001,420
1243,57.23,24.32,10,0.0,50.0,0.0,20,1024,1001,420
1244,57.23,24.32,10,0.0,50.0,0.0,20,1024,1001,420
1245,57.23,24.32,10,0.0,50.0,0.0,20,1024,1001,420
1246,57.23,24.32,10,0.0,50.0,0.0,20,1024,1001,457.23,24.32,10,0.0,50.0,0.0,20,1024,1001,420
1247,57.23,24.32,10,0.0,50.0,0.0,20,1024,1001,420
1248,20
1249,57.23,24.32,10,0.0,50.0,0.0,20,1024,1001,420
1250,57.23,24.32,10,0.0,50.0,0.0,20,1024,1001,420
1251,1024,1001,420
1252,57.23,24.32,10,0.0,50.0,0.0,20,1024,1001,420
1253,57.23,24.32,10,0.0,50.0,0.0,20,1024,1001,420
1254,57.23,24.32,10,0.0,50.0,0.0,20,1024,1001,420
1255,57.23,24.32,10,0.0,50.0,0.0,20,1024,1001,420
1256,57.23,24.32,10,0.0,50.0,0.0,20,1024,1001,457.23,24.32,10,0.0,50.0,0.0,20,1024,1001,420
1257,57.23,24.32,10,0.0,50.0,0.0,20,1024,1001,420
1258,20
1259,57.23,24.32,10,0.0,50.0,0.0,20,1024,1001,420
1260,57.23,24.32,10,0.0,50.0,0.0,20,1024,1001,420
1261,1024,1001,420
1262,57.23,24.32,10,0.0,50.0,0.0,20,1024,1001,420
1263,57.23,24.32,10,0.0,50.0,0.0,20,1024,1001,420
1264,57.23,24.32,10,0.0,50.0,0.0,20,1024,1001,420
1265,57.23,24.32,10,0.0,50.0,0.0,20,1024,1001,420
1266,57.23,24.32,10,0.0,50.0,0.0,20,1024,1001,457.23,24.32,10,0.0,50.0,0.0,20,1024,1001,420
1267,57.23,24.32,10,0.0,50.0,0.0,20,1024,1001,420
1268,20
1269,57.23,24.32,10,0.0,50.0,0.0,20,1024,1001,420
1270,57.23,24.32,10,0.0,50.0,0.0,20,1024,1001,420
1271,1024,1001,420
1272,57.23,24.32,10,0.0,50.0,0.0,20,1024,1001,420
1273,57.23,24.32,10,0.0,50.0,0.0,20,1024,1001,420
1274,57.23,24.32,10,0.0,50.0,0.0,20,1024,1001,420
1275,57.23,24.32,10,0.0,50.0,0.0,20,1024,1001,420
1276,57.23,24.32,10,0.0,50.0,0.0,20,1024,1001,457.23,24.32,10,0.0,50.0,0.0,20,1024,1001,420
1277,57.23,24.32,10,0.0,50.0,0.0,20,1024,1001,420
1278,20
1279,57.23,24.32,10,0.0,50.0,0.0,20,1024,1001,420
1280,57.23,24.32,10,0.0,50.0,0.0,20,1024,1001,420
1281,1024,1001,420
1282,57.23,24.32,10,0.0,50.0,0.0,20,1024,1001,420
1283,57.23,24.32,10,0.0,50.0,0.0,20,1024,1001,420
1284,57.23,24.32,10,0.0,50.0,0.0,20,1024,1001,420
1285,57.23,24.32,10,0.0,50.0,0.0,20,1024,1001,420
1286,57.23,24.32,10,0.0,50.0,0.0,20,1024,1001,457.23,24.32,10,0.0,50.0,0.0,20,1024,1001,420
1287,57.23,24.32,10,0.0,50.0,0.0,20,1024,1001,420
1288,20
1289,57.23,24.32,10,0.0,50.0,0.0,20,1024,1001,420
1290,57.23,24.32,10,0.0,50.0,0.0,20,1024,1001,420
1291,1024,1001,420
1292,57.23,24.32,10,0.0,50.0,0.0,20,1024,1001,420
1293,57.23,24.32,10,0.0,50.0,0.0,20,1024,1001,420
1294,57.23,24.32,10,0.0,50.0,0.0,20,1024,1001,420
1295,57.23,24.32,10,0.0,50.0,0.0,20,1024,1001,420
1296,57.23,24.32,10,0.0,50.0,0.0,20,1024,1001,457.23,24.32,10,0.0,50.0,0.0,20,1024,1001,420
1297,57.23,24.32,10,0.0,50.0,0.0,20,1024,1001,420
1298,20
1299,57.23,24.32,10,0.0,50.0,0.0,20,1024,1001,420
1300,57.23,24.32,10,0.0,50.0,0.0,20,1024,1001,420
1301,1024,1001,420
1302,57.23,24.32,10,0.0,50.0,0.0,20,1024,1001,420
1303,57.23,24.32,10,0.0,50.0,0.0,20,1024,1001,420
1304,57.23,24.32,10,0.0,50.0,0.0,20,1024,1001,420
1305,57.23,24.32,10,0.0,50.0,0.0,20,1024,1001,420
1306,57.23,24.32,10,0.0,50.0,0.0,20,1024,1001,457.23,24.32,10,0.0,50.0,0.0,20,1024,1001,420
1307,57.23,24.32,10,0.0,50.0,0.0,20,1024,1001,420
1308,20
1309,57.23,24.32,10,0.0,50.0,0.0,20,1024,1001,420
1310,57.23,24.32,10,0.0,50.0,0.0,20,1024,1001,420
1311,1024,1001,420
1312,57.23,24.32,10,0.0,50.0,0.0,20,1024,1001,420
1313,57.23,24.32,10,0.0,50.0,0.0,20,1024,1001,420
1314,57.23,24.32,10,0.0,50.0,0.0,20,1024,1001,420
1315,57.23,24.32,10,0.0,50.0,0.0,20,1024,1001,420
1316,57.23,24.32,10,0.0,50.0,0.0,20,1024,1001,457.23,24.32,10,0.0,50.0,0.0,20,1024,1001,420
1317,57.23,24.32,10,0.0,50.0,0.0,20,1024,1001,420
1318,20
1319,57.23,24.32,10,0.0,50.0,0.0,20,1024,1001,420
1320,57.23,24.32,10,0.0,50.0,0.0,20,1024,1001,420
1321,1024,1001,420
1322,57.23,24.32,10,0.0,50.0,0.0,20,1024,1001,420
1323,57.23,24.32,10,0.0,50.0,0.0,20,1024,1001,420
1324,57.23,24.32,10,0.0,50.0,0.0,20,1024,1001,420
1325,57.23,24.32,10,0.0,50.0,0.0,20,1024,1001,420
1326,57.23,24.32,10,0.0,50.0,0.0,20,1024,1001,457.23,24.32,10,0.0,50.0,0.0,20,1024,1001,420
1327,57.23,24.32,10,0.0,50.0,0.0,20,1024,1001,420
1328,20
1329,57.23,24.32,10,0.0,50.0,0.0,20,1024,1001,420
1330,57.23,24.32,10,0.0,50.0,0.0,20,1024,1001,420
1331,1024,1001,420
1332,57.23,24.32,10,0.0,50.0,0.0,20,1024,1001,420
1333,57.23,24.32,10,0.0,50.0,0.0,20,1024,1001,420
1334,57.23,24.32,10,0.0,50.0,0.0,20,1024,1001,420
1335,57.23,24.32,10,0.0,50.0,0.0,20,1024,1001,420
1336,57.23,24.32,10,0.0,50.0,0.0,20,1024,1001,457.23,24.32,10,0.0,50.0,0.0,20,1024,1001,420
1337,57.23,24.32,10,0.0,50.0,0.0,20,1024,1001,420
1338,20
1339,57.23,24.32,10,0.0,50.0,0.0,20,1024,1001,420
1340,57.23,24.32,10,0.0,50.0,0.0,20,1024,1001,420
1341,1024,1001,420
1342,57.23,24.32,10,0.0,50.0,0.0,20,1024,1001,420
1343,57.23,24.32,10,0.0,50.0,0.0,20,1024,1001,420
1344,57.23,24.32,10,0.0,50.0,0.0,20,1024,1001,420
1345,57.23,24.32,10,0.0,50.0,0.0,20,1024,1001,420
1346,57.23,24.32,10,0.0,50.0,0.0,20,1024,1001,457.23,24.32,10,0.0,50.0,0.0,20,1024,1001,420
1347,57.23,24.32,10,0.0,50.0,0.0,20,1024,1001,420
1348,20
1349,57.23,24.32,10,0.0,50.0,0.0,20,11001,420
1350,20
1351,57.23,24.32,10,0.0,50.0,0.0,20,1024,1001,420
1352,1024,1001,420
1353,57.23,24.32,10,0.0,50.0,0.0,20,1024,1001,420
1354,57.23,24.32,10,0.0,50.0,0.0,20,1024,1001,420
1355,57.23,24.32,10,0.0,50.0,0.0,20,1024,1001,420
1356,57.23,24.32,10,0.0,50.0,0.0,20,1024,1001,420
1357,57.23,24.32,10,0.0,50.0,0.0,20,1024,1001,457.23,24.32,10,0.0,50.0,0.0,20,1024,1001,420
1358,57.23,24.32,10,0.0,50.0,0.0,20,1024,1001,420
1359,57.23,24.32,10,0.0,50.0,0.0,20,1024,1001,420
1360,20
1361,57.23,24.32,10,0.0,50.0,0.0,20,1024,1001,420
1362,1024,1001,420
1363,57.23,24.32,10,0.0,50.0,0.0,20,1024,1001,420
1364,57.23,24.32,10,0.0,50.0,0.0,20,1024,1001,420
1365,57.23,24.32,10,0.0,50.0,0.0,20,1024,1001,420
1366,57.23,24.32,10,0.0,50.0,0.0,20,1024,1001,420
1367,57.23,24.32,10,0.0,50.0,0.0,20,1024,1001,457.23,24.32,10,0.0,50.0,0.0,20,1024,1001,420
1368,57.23,24.32,10,0.0,50.0,0.0,20,1024,1001,420
1369,57.23,24.32,10,0.0,50.0,0.0,20,1024,1001,420
1370,20
1371,57.23,24.32,10,0.0,50.0,0.0,20,1024,1001,420
1372,1024,1001,420
1373,57.23,24.32,10,0.0,50.0,0.0,20,1024,1001,420
1374,57.23,24.32,10,0.0,50.0,0.0,20,1024,1001,420
1375,57.23,24.32,10,0.0,50.0,0.0,20,1024,1001,420
1376,57.23,24.32,10,0.0,50.0,0.0,20,1024,1001,420
1377,57.23,24.32,10,0.0,50.0,0.0,20,1024,1001,457.23,24.32,10,0.0,50.0,0.0,20,1024,1001,420
1378,57.23,24.32,10,0.0,50.0,0.0,20,1024,1001,420
1379,57.23,24.32,10,0.0,50.0,0.0,20,1024,1001,420
1380,20
1381,57.23,24.32,10,0.0,50.0,0.0,20,1024,1001,420
1382,1024,1001,420
1383,57.23,24.32,10,0.0,50.0,0.0,20,1024,1001,420
1384,57.23,24.32,10,0.0,50.0,0.0,20,1024,1001,420
1385,57.23,24.32,10,0.0,50.0,0.0,20,1024,1001,420
1386,57.23,24.32,10,0.0,50.0,0.0,20,1024,1001,420
1387,57.23,24.32,10,0.0,50.0,0.0,20,1024,1001,457.23,24.32,10,0.0,50.0,0.0,20,1024,1001,420
1388,57.23,24.32,10,0.0,50.0,0.0,20,1024,1001,420
1389,57.23,24.32,10,0.0,50.0,0.0,20,1024,1001,420
1390,20
1391,57.23,24.32,10,0.0,50.0,0.0,20,1024,1001,420
1392,1024,1001,420
1393,57.23,24.32,10,0.0,50.0,0.0,20,1024,1001,420
1394,57.23,24.32,10,0.0,50.0,0.0,20,1024,1001,420
1395,57.23,24.32,10,0.0,50.0,0.0,20,1024,1001,420
1396,57.23,24.32,10,0.0,50.0,0.0,20,1024,1001,420
1397,57.23,24.32,10,0.0,50.0,0.0,20,1024,1001,457.23,24.32,10,0.0,50.0,0.0,20,1024,1001,420
1398,57.23,24.32,10,0.0,50.0,0.0,20,1024,1001,420
1399,57.23,24.32,10,0.0,50.0,0.0,20,1024,1001,420
1400,20
1401,57.23,24.32,10,0.0,50.0,0.0,20,1024,1001,420
1402,1024,1001,420
1403,57.23,24.32,10,0.0,50.0,0.0,20,1024,1001,420
1404,57.23,24.32,10,0.0,50.0,0.0,20,1024,1001,420
1405,57.23,24.32,10,0.0,50.0,0.0,20,1024,1001,420
1406,57.23,24.32,10,0.0,50.0,0.0,20,1024,1001,420
1407,57.23,24.32,10,0.0,50.0,0.0,20,1024,1001,457.23,24.32,10,0.0,50.0,0.0,20,1024,1001,420
1408,57.23,24.32,10,0.0,50.0,0.0,20,1024,1001,420
1409,57.23,24.32,10,0.0,50.0,0.0,20,1024,1001,420
1410,20
1411,57.23,24.32,10,0.0,50.0,0.0,20,1024,1001,420
1412,1024,1001,420
1413,57.23,24.32,10,0.0,50.0,0.0,20,1024,1001,420
1414,57.23,24.32,10,0.0,50.0,0.0,20,1024,1001,420
1415,57.23,24.32,10,0.0,50.0,0.0,20,1024,1001,420
1416,57.23,24.32,10,0.0,50.0,0.0,20,1024,1001,420
1417,57.23,24.32,10,0.0,50.0,0.0,20,1024,1001,457.23,24.32,10,0.0,50.0,0.0,20,1024,1001,420
1418,57.23,24.32,10,0.0,50.0,0.0,20,1024,1001,420
1419,57.23,24.32,10,0.0,50.0,0.0,20,1024,1001,420
1420,20
1421,57.23,24.32,10,0.0,50.0,0.0,20,1024,1001,420
1422,1024,1001,420
1423,57.23,24.32,10,0.0,50.0,0.0,20,1024,1001,420
1424,57.23,24.32,10,0.0,50.0,0.0,20,1024,1001,420
1425,57.23,24.32,10,0.0,50.0,0.0,20,1024,1001,420
1426,57.23,24.32,10,0.0,50.0,0.0,20,1024,1001,420
1427,57.23,24.32,10,0.0,50.0,0.0,20,1024,1001,457.23,24.32,10,0.0,50.0,0.0,20,1024,1001,420
1428,57.23,24.32,10,0.0,50.0,0.0,20,1024,1001,420
1429,57.23,24.32,10,0.0,50.0,0.0,20,1024,1001,420
1430,20
1431,57.23,24.32,10,0.0,50.0,0.0,20,1024,1001,420
1432,1024,1001,420
1433,57.23,24.32,10,0.0,50.0,0.0,20,1024,1001,420
1434,57.23,24.32,10,0.0,50.0,0.0,20,1024,1001,420
1435,57.23,24.32,10,0.0,50.0,0.0,20,1024,1001,420
1436,57.23,24.32,10,0.0,50.0,0.0,20,1024,1001,420
1437,57.23,24.32,10,0.0,50.0,0.0,20,1024,1001,457.23,24.32,10,0.0,50.0,0.0,20,1024,1001,420
1438,57.23,24.32,10,0.0,50.0,0.0,20,1024,1001,420
1439,57.23,24.32,10,0.0,50.0,0.0,20,1024,1001,420
1440,20
1441,57.23,24.32,10,0.0,50.0,0.0,20,1024,1001,420
1442,1024,1001,420
1443,57.23,24.32,10,0.0,50.0,0.0,20,1024,1001,420
1444,57.23,24.32,10,0.0,50.0,0.0,20,1024,1001,420
1445,57.23,24.32,10,0.0,50.0,0.0,20,1024,1001,420
1446,57.23,24.32,10,0.0,50.0,0.0,20,1024,1001,420
1447,57.23,24.32,10,0.0,50.0,0.0,20,1024,1001,457.23,24.32,10,0.0,50.0,0.0,20,1024,1001,420
1448,57.23,24.32,10,0.0,50.0,0.0,20,1024,1001,420
1449,57.23,24.32,10,0.0,50.0,0.0,20,1024,1001,420
1450,20
1451,57.23,24.32,10,0.0,50.0,0.0,20,1024,1001,420
1452,1024,1001,420
1453,57.23,24.32,10,0.0,50.0,0.0,20,1024,1001,420
1454,57.23,24.32,10,0.0,50.0,0.0,20,1024,1001,420
1455,57.23,24.32,10,0.0,50.0,0.0,20,1024,1001,420
1456,57.23,24.32,10,0.0,50.0,0.0,20,1024,1001,420
1457,57.23,24.32,10,0.0,50.0,0.0,20,1024,1001,457.23,24.32,10,0.0,50.0,0.0,20,1024,1001,420
1458,57.23,24.32,10,0.0,50.0,0.0,20,1024,1001,420
1459,57.23,24.32,10,0.0,50.0,0.0,20,1024,1001,420
1460,20
1461,57.23,24.32,10,0.0,50.0,0.0,20,1024,1001,420
1462,1024,1001,420
1463,57.23,24.32,10,0.0,50.0,0.0,20,1024,1001,420
1464,57.23,24.32,10,0.0,50.0,0.0,20,1024,1001,420
1465,57.23,24.32,10,0.0,50.0,0.0,20,1024,1001,420
1466,57.23,24.32,10,0.0,50.0,0.0,20,1024,1001,420
1467,57.23,24.32,10,0.0,50.0,0.0,20,1024,1001,457.23,24.32,10,0.0,50.0,0.0,20,1024,1001,420
1468,57.23,24.32,10,0.0,50.0,0.0,20,1024,1001,420
1469,57.23,24.32,10,0.0,50.0,0.0,20,1024,1001,420
1470,20
1471,57.23,24.32,10,0.0,50.0,0.0,20,1024,1001,420
1472,1024,1001,420
1473,57.23,24.32,10,0.0,50.0,0.0,20,1024,1001,420
1474,57.23,24.32,10,0.0,50.0,0.0,20,1024,1001,420
1475,57.23,24.32,10,0.0,50.0,0.0,20,1024,1001,420
1476,57.23,24.32,10,0.0,50.0,0.0,20,1024,1001,420
1477,57.23,24.32,10,0.0,50.0,0.0,20,1024,1001,457.23,24.32,10,0.0,50.0,0.0,20,1024,1001,420
1478,57.23,24.32,10,0.0,50.0,0.0,20,1024,1001,420
1479,57.23,24.32,10,0.0,50.0,0.0,20,1024,1001,420
1480,20
1481,57.23,24.32,10,0.0,50.0,0.0,20,1024,1001,420
1482,1024,1001,420
1483,57.23,24.32,10,0.0,50.0,0.0,20,1024,1001,420
1484,57.23,24.32,10,0.0,50.0,0.0,20,1024,1001,420
1485,57.23,24.32,10,0.0,50.0,0.0,20,1024,1001,420
1486,57.23,24.32,10,0.0,50.0,0.0,20,1024,1001,420
1487,57.23,24.32,10,0.0,50.0,0.0,20,1024,1001,457.23,24.32,10,0.0,50.0,0.0,20,1024,1001,420
1488,57.23,24.32,10,0.0,50.0,0.0,20,1024,1001,420
1489,57.23,24.32,10,0.0,50.0,0.0,20,1024,1001,420
1490,20
1491,57.23,24.32,10,0.0,50.0,0.0,20,1024,1001,420
1492,1024,1001,420
1493,57.23,24.32,10,0.0,50.0,0.0,20,1024,1001,420
1494,57.23,24.32,10,0.0,50.0,0.0,20,1024,1001,420
1495,57.23,24.32,10,0.0,50.0,0.0,20,1024,1001,420
1496,57.23,24.32,10,0.0,50.0,0.0,20,1024,1001,420
1497,57.23,24.32,10,0.0,50.0,0.0,20,1024,1001,457.23,24.32,10,0.0,50.0,0.0,20,1024,1001,420
1498,57.23,24.32,10,0.0,50.0,0.0,20,1024,1001,420
1499,57.23,24.32,10,0.0,50.0,0.0,20,1024,1001,420
1500,20
1501,57.23,24.32,10,0.0,50.0,0.0,20,1024,1001,420
1502,1024,1001,420
1503,57.23,24.32,10,0.0,50.0,0.0,20,1024,1001,420
1504,57.23,24.32,10,0.0,50.0,0.0,20,1024,1001,420
1505,57.23,24.32,10,0.0,50.0,0.0,20,1024,1001,420
1506,57.23,24.32,10,0.0,50.0,0.0,20,1024,1001,420
1507,57.23,24.32,10,0.0,50.0,0.0,20,1024,1001,457.23,24.32,10,0.0,50.0,0.0,20,1024,1001,420
1508,57.23,24.32,10,0.0,50.0,0.0,20,1024,1001,420
1509,57.23,24.32,10,0.0,50.0,0.0,20,1024,1001,420
1510,20
1511,57.23,24.32,10,0.0,50.0,0.0,20,1024,1001,420
1512,1024,1001,420
1513,57.23,24.32,10,0.0,50.0,0.0,20,1024,1001,420
1514,57.23,24.32,10,0.0,50.0,0.0,20,1024,1001,420
1515,57.23,24.32,10,0.0,50.0,0.0,20,1024,1001,420
1516,57.23,24.32,10,0.0,50.0,0.0,20,1024,1001,420
1517,57.23,24.32,10,0.0,50.0,0.0,20,1024,1001,457.23,24.32,10,0.0,50.0,0.0,20,1024,1001,420
1518,57.23,24.32,10,0.0,50.0,0.0,20,1024,1001,420
1519,57.23,24.32,10,0.0,50.0,0.0,20,1024,1001,420
1520,20
1521,57.23,24.32,10,0.0,50.0,0.0,20,1024,1001,420
1522,1024,1001,420
1523,57.23,24.32,10,0.0,50.0,0.0,20,1024,1001,420
1524,57.23,24.32,10,0.0,50.0,0.0,20,1024,1001,420
1525,57.23,24.32,10,0.0,50.0,0.0,20,1024,1001,420
1526,57.23,24.32,10,0.0,50.0,0.0,20,1024,1001,420
1527,57.23,24.32,10,0.0,50.0,0.0,20,1024,1001,457.23,24.32,10,0.0,50.0,0.0,20,1024,1001,420
1528,57.23,24.32,10,0.0,50.0,0.0,20,1024,1001,420
1529,57.23,24.32,10,0.0,50.0,0.0,20,1024,1001,420
1530,20
1531,57.23,24.32,10,0.0,50.0,0.0,20,1024,1001,420
1532,1024,1001,420
1533,57.23,24.32,10,0.0,50.0,0.0,20,1024,1001,420
1534,57.23,24.32,10,0.0,50.0,0.0,20,1024,1001,420
1535,57.23,24.32,10,0.0,50.0,0.0,20,1024,1001,420
1536,57.23,24.32,10,0.0,50.0,0.0,20,1024,1001,420
1537,57.23,24.32,10,0.0,50.0,0.0,20,1024,1001,457.23,24.32,10,0.0,50.0,0.0,20,1024,1001,420
1538,57.23,24.32,10,0.0,50.0,0.0,20,1024,1001,420
1539,57.23,24.32,10,0.0,50.0,0.0,20,1024,1001,420
1540,57.23,24.32,10,0.0,50.0,0.0,20,1024,1001,420
1541,57.23,24.32,10,0.0,50.0,0.0,20,1024,1001,420
1542,57.23,24.32,10,0.0,50.0,0.0,20,1024,1001,420
1543,57.23,24.32,10,0.0,50.0,0.0,20,1024,1001,420
1544,57.23,24.32,10,0.0,50.0,0.0,20,1024,1001,420
1545,57.23,24.32,10,0.0,50.0,0.0,20,1024,1001,420
1546,57.23,24.32,10,0.0,50.0,0.0,20,1024,1001,420
1547,57.23,24.32,10,0.0,50.0,0.0,20,1024,1001,420
1548,57.23,24.32,10,0.0,50.0,0.0,20,1024,1001,420
1549,57.23,24.32,10,0.0,50.0,0.0,20,1024,1001,420
1550,57.23,24.32,10,0.0,50.0,0.0,20,1024,1001,420
1551,57.23,24.32,10,0.0,50.0,0.0,20,1024,1001,420
1552,57.23,24.32,10,0.0,50.0,0.0,20,1024,1001,420
1553,57.23,24.32,10,0.0,50.0,0.0,20,1024,1001,420
1554,57.23,24.32,10,0.0,50.0,0.0,20,1024,1001,420
1555,57.23,24.32,10,0.0,50.0,0.0,20,1024,1001,420
1556,57.23,24.32,10,0.0,50.0,0.0,20,1024,1001,420
1557,57.23,24.32,10,0.0,50.0,0.0,20,1024,1001,420
1558,57.23,24.32,10,0.0,50.0,0.0,20,1024,1001,420
1559,57.23,24.32,10,0.0,50.0,0.0,20,1024,1001,420
1560,57.23,24.32,10,0.0,50.0,0.0,20,1024,1001,420
1561,57.23,24.32,10,0.0,50.0,0.0,20,1024,1001,420
1562,57.23,24.32,10,0.0,50.0,0.0,20,1024,1001,420
1563,57.23,24.32,10,0.0,50.0,0.0,20,1024,1001,420
1564,57.23,24.32,10,0.0,50.0,0.0,20,1024,1001,420
1565,57.23,24.32,10,0.0,50.0,0.0,20,1024,1001,420
1566,57.23,24.32,10,0.0,50.0,0.0,20,1024,1001,420
1567,57.23,24.32,10,0.0,50.0,0.0,20,1024,1001,420
1568,57.23,24.32,10,0.0,50.0,0.0,20,1024,1001,420
1569,57.23,24.32,10,0.0,50.0,0.0,20,1024,1001,420
1570,57.23,24.32,10,0.0,50.0,0.0,20,1024,1001,420
1571,57.23,24.32,10,0.0,50.0,0.0,20,1024,1001,420
1572,57.23,24.32,10,0.0,50.0,0.0,20,1024,1001,420
1573,57.23,24.32,10,0.0,50.0,0.0,20,1024,1001,420
1574,57.23,24.32,10,0.0,50.0,0.0,20,1024,1001,420
1575,57.23,24.32,10,0.0,50.0,0.0,20,1024,1001,420
1576,57.23,24.32,10,0.0,50.0,0.0,20,1024,1001,420
1577,57.23,24.32,10,0.0,50.0,0.0,20,1024,1001,420
1578,57.23,24.32,10,0.0,50.0,0.0,20,1024,1001,420
1579,57.23,24.32,10,0.0,50.0,0.0,20,1024,1001,420
1580,57.23,24.32,10,0.0,50.0,0.0,20,1024,1001,420
1581,57.23,24.32,10,0.0,50.0,0.0,20,1024,1001,420
1582,57.23,24.32,10,0.0,50.0,0.0,20,1024,1001,420
1583,57.23,24.32,10,0.0,50.0,0.0,20,1024,1001,420
1584,57.23,24.32,10,0.0,50.0,0.0,20,1024,1001,420
1585,57.23,24.32,10,0.0,50.0,0.0,20,1024,1001,420
1586,57.23,24.32,10,0.0,50.0,0.0,20,1024,1001,420
1587,57.23,24.32,10,0.0,50.0,0.0,20,1024,1001,420
1588,57.23,24.32,10,0.0,50.0,0.0,20,1024,1001,420
1589,57.23,24.32,10,0.0,50.0,0.0,20,1024,1001,420
1590,57.23,24.32,10,0.0,50.0,0.0,20,1024,1001,420
1591,57.23,24.32,10,0.0,50.0,0.0,20,1024,1001,420
1592,57.23,24.32,10,0.0,50.0,0.0,20,1024,1001,420
1593,57.23,24.32,10,0.0,50.0,0.0,20,1024,1001,420
1594,57.23,24.32,10,0.0,50.0,0.0,20,1024,1001,420
1595,57.23,24.32,10,0.0,50.0,0.0,20,1024,1001,420
1596,57.23,24.32,10,0.0,50.0,0.0,20,1024,1001,420
1597,57.23,24.32,10,0.0,50.0,0.0,20,1024,1001,420
1598,57.23,24.32,10,0.0,50.0,0.0,20,1024,1001,420
1599,57.23,24.32,10,0.0,50.0,0.0,20,1024,1001,420
1600,57.23,24.32,10,0.0,50.0,0.0,20,1024,1001,420
1601,57.23,24.32,10,0.0,50.0,0.0,20,1024,1001,420
1602,57.23,24.32,10,0.0,50.0,0.0,20,1024,1001,420
1603,57.23,24.32,10,0.0,50.0,0.0,20,1024,1001,420
1604,57.23,24.32,10,0.0,50.0,0.0,20,1024,1001,420
1605,57.23,24.32,10,0.0,50.0,0.0,20,1024,1001,420
1606,57.23,24.32,10,0.0,50.0,0.0,20,1024,1001,420
1607,57.23,24.32,10,0.0,50.0,0.0,20,1024,1001,420
1608,57.23,24.32,10,0.0,50.0,0.0,20,1024,1001,420
1609,57.23,24.32,10,0.0,50.0,0.0,20,1024,1001,420
1610,57.23,24.32,10,0.0,50.0,0.0,20,1024,1001,420
1611,57.23,24.32,10,0.0,50.0,0.0,20,1024,1001,420
1612,57.23,24.32,10,0.0,50.0,0.0,20,1024,1001,420
1613,57.23,24.32,10,0.0,50.0,0.0,20,1024,1001,420
1614,57.23,24.32,10,0.0,50.0,0.0,20,1024,1001,420
1615,57.23,24.32,10,0.0,50.0,0.0,20,1024,1001,420
1616,57.23,24.32,10,0.0,50.0,0.0,20,1024,1001,420
1617,57.23,24.32,10,0.0,50.0,0.0,20,1024,1001,420
1618,57.23,24.32,10,0.0,50.0,0.0,20,1024,1001,420
1619,57.23,24.32,10,0.0,50.0,0.0,20,1024,1001,420
1620,57.23,24.32,10,0.0,50.0,0.0,20,1024,1001,420
1621,57.23,24.32,10,0.0,50.0,0.0,20,1024,1001,420
1622,57.23,24.32,10,0.0,50.0,0.0,20,1024,1001,420
1623,57.23,24.32,10,0.0,50.0,0.0,20,1024,1001,420
1624,57.23,24.32,10,0.0,50.0,0.0,20,1024,1001,420
1625,57.23,24.32,10,0.0,50.0,0.0,20,1024,1001,420
1626,57.23,24.32,10,0.0,50.0,0.0,20,1024,1001,420
1627,57.23,24.32,10,0.0,50.0,0.0,20,1024,1001,420
1628,57.23,24.32,10,0.0,50.0,0.0,20,1024,1001,420
1629,57.23,24.32,10,0.0,50.0,0.0,20,1024,1001,420
1630,57.23,24.32,10,0.0,50.0,0.0,20,1024,1001,420
1631,57.23,24.32,10,0.0,50.0,0.0,20,1024,1001,420
1632,57.23,24.32,10,0.0,50.0,0.0,20,1024,1001,420
1633,57.23,24.32,10,0.0,50.0,0.0,20,1024,1001,420
1634,57.23,24.32,10,0.0,50.0,0.0,20,1024,1001,420
1635,57.23,24.32,10,0.0,50.0,0.0,20,1024,1001,420
1636,57.23,24.32,10,0.0,50.0,0.0,20,1024,1001,420
1637,57.23,24.32,10,0.0,50.0,0.0,20,1024,1001,420
1638,57.23,24.32,10,0.0,50.0,0.0,20,1024,1001,420
1639,57.23,24.32,10,0.0,50.0,0.0,20,1024,1001,420
1640,57.23,24.32,10,0.0,50.0,0.0,20,1024,1001,420
1641,57.23,24.32,10,0.0,50.0,0.0,20,1024,1001,420
1642,57.23,24.32,10,0.0,50.0,0.0,20,1024,1001,420
1643,57.23,24.32,10,0.0,50.0,0.0,20,1024,1001,420
1644,57.23,24.32,10,0.0,50.0,0.0,20,1024,1001,420
1645,57.23,24.32,10,0.0,50.0,0.0,20,1024,1001,420
1646,57.23,24.32,10,0.0,50.0,0.0,20,1024,1001,420
1647,57.23,24.32,10,0.0,50.0,0.0,20,1024,1001,420
1648,57.23,24.32,10,0.0,50.0,0.0,20,1024,1001,420
1649,57.23,24.32,10,0.0,50.0,0.0,20,1024,1001,420
1650,57.23,24.32,10,0.0,50.0,0.0,20,1024,1001,420
1651,57.23,24.32,10,0.0,50.0,0.0,20,1024,1001,420
1652,57.23,24.32,10,0.0,50.0,0.0,20,1024,1001,420
1653,57.23,24.32,10,0.0,50.0,0.0,20,1024,1001,420
1654,57.23,24.32,10,0.0,50.0,0.0,20,1024,1001,420
1655,57.23,24.32,10,0.0,50.0,0.0,20,1024,1001,420
1656,57.23,24.32,10,0.0,50.0,0.0,20,1024,1001,420
1657,57.23,24.32,10,0.0,50.0,0.0,20,1024,1001,420
1658,57.23,24.32,10,0.0,50.0,0.0,20,1024,1001,420
1659,57.23,24.32,10,0.0,50.0,0.0,20,1024,1001,420
1660,57.23,24.32,10,0.0,50.0,0.0,20,1024,1001,420
1661,57.23,24.32,10,0.0,50.0,0.0,20,1024,1001,420
1662,57.23,24.32,10,0.0,50.0,0.0,20,1024,1001,420
1663,57.23,24.32,10,0.0,50.0,0.0,20,1024,1001,420
1664,57.23,24.32,10,0.0,50.0,0.0,20,1024,1001,420
1665,57.23,24.32,10,0.0,50.0,0.0,20,1024,1001,420
1666,57.23,24.32,10,0.0,50.0,0.0,20,1024,1001,420
1667,57.23,24.32,10,0.0,50.0,0.0,20,1024,1001,420
1668,57.23,24.32,10,0.0,50.0,0.0,20,1024,1001,420
1669,57.23,24.32,10,0.0,50.0,0.0,20,1024,1001,420
1670,57.23,24.32,10,0.0,50.0,0.0,20,1024,1001,420
1671,57.23,24.32,10,0.0,50.0,0.0,20,1024,1001,420
1672,57.23,24.32,10,0.0,50.0,0.0,20,1024,1001,420
1673,57.23,24.32,10,0.0,50.0,0.0,20,1024,1001,420
1674,57.23,24.32,10,0.0,50.0,0.0,20,1024,1001,420
1675,57.23,24.32,10,0.0,50.0,0.0,20,1024,1001,420
1676,57.23,24.32,10,0.0,50.0,0.0,20,1024,1001,420
1677,57.23,24.32,10,0.0,50.0,0.0,20,1024,1001,420
1678,57.23,24.32,10,0.0,50.0,0.0,20,1024,1001,420
1679,57.23,24.32,10,0.0,50.0,0.0,20,1024,1001,420
1680,57.23,24.32,10,0.0,50.0,0.0,20,1024,1001,420
1681,57.23,24.32,10,0.0,50.0,0.0,20,1024,1001,420
1682,57.23,24.32,10,0.0,50.0,0.0,20,1024,1001,420
1683,57.23,24.32,10,0.0,50.0,0.0,20,1024,1001,420
1684,57.23,24.32,10,0.0,50.0,0.0,20,1024,1001,420
1685,57.23,24.32,10,0.0,50.0,0.0,20,1024,1001,420
1686,57.23,24.32,10,0.0,50.0,0.0,20,1024,1001,420
1687,57.23,24.32,10,0.0,50.0,0.0,20,1024,1001,420
1688,57.23,24.32,10,0.0,50.0,0.0,20,1024,1001,420
1689,57.23,24.32,10,0.0,50.0,0.0,20,1024,1001,420
1690,57.23,24.32,10,0.0,50.0,0.0,20,1024,1001,420
1691,57.23,24.32,10,0.0,50.0,0.0,20,1024,1001,420
1692,57.23,24.32,10,0.0,50.0,0.0,20,1024,1001,420
1693,57.23,24.32,10,0.0,50.0,0.0,20,1024,1001,420
1694,57.23,24.32,10,0.0,50.0,0.0,20,1024,1001,420
1695,57.23,24.32,10,0.0,50.0,0.0,20,1024,1001,420
1696,57.23,24.32,10,0.0,50.0,0.0,20,1024,1001,420
1697,57.23,24.32,10,0.0,50.0,0.0,20,1024,1001,420
1698,57.23,24.32,10,0.0,50.0,0.0,20,1024,1001,420
1699,57.23,24.32,10,0.0,50.0,0.0,20,1024,1001,420
1700,57.23,24.32,10,0.0,50.0,0.0,20,1024,1001,420
1701,57.23,24.32,10,0.0,50.0,0.0,20,1024,1001,420
1702,57.23,24.32,10,0.0,50.0,0.0,20,1024,1001,420
1703,57.23,24.32,10,0.0,50.0,0.0,20,1024,1001,420
1704,57.23,24.32,10,0.0,50.0,0.0,20,1024,1001,420
1705,57.23,24.32,10,0.0,50.0,0.0,20,1024,1001,420
1706,57.23,24.32,10,0.0,50.0,0.0,20,1024,1001,420
1707,57.23,24.32,10,0.0,50.0,0.0,20,1024,1001,420
1708,57.23,24.32,10,0.0,50.0,0.0,20,1024,1001,420
1709,57.23,24.32,10,0.0,50.0,0.0,20,1024,1001,420
1710,57.23,24.32,10,0.0,50.0,0.0,20,1024,1001,420
1711,57.23,24.32,10,0.0,50.0,0.0,20,1024,1001,420
1712,57.23,24.32,10,0.0,50.0,0.0,20,1024,1001,420
1713,57.23,24.32,10,0.0,50.0,0.0,20,1024,1001,420
1714,57.23,24.32,10,0.0,50.0,0.0,20,1024,1001,420
1715,57.23,24.32,10,0.0,50.0,0.0,20,1024,1001,420
1716,57.23,24.32,10,0.0,50.0,0.0,20,1024,1001,420
1717,57.23,24.32,10,0.0,50.0,0.0,20,1024,1001,420
1718,57.23,24.32,10,0.0,50.0,0.0,20,1024,1001,420
1719,57.23,24.32,10,0.0,50.0,0.0,20,1024,1001,420
1720,57.23,24.32,10,0.0,50.0,0.0,20,1024,1001,420
1721,57.23,24.32,10,0.0,50.0,0.0,20,1024,1001,420
1722,57.23,24.32,10,0.0,50.0,0.0,20,1024,1001,420
1723,57.23,24.32,10,0.0,50.0,0.0,20,1024,1001,420
1724,57.23,24.32,10,0.0,50.0,0.0,20,1024,1001,420
1725,57.23,24.32,10,0.0,50.0,0.0,20,1024,1001,420
1726,57.23,24.32,10,0.0,50.0,0.0,20,1024,1001,420
1727,57.23,24.32,10,0.0,50.0,0.0,20,1024,1001,420
1728,57.23,24.32,10,0.0,50.0,0.0,20,1024,1001,420
1729,57.23,24.32,10,0.0,50.0,0.0,20,1024,1001,420
1730,57.23,24.32,10,0.0,50.0,0.0,20,1024,1001,420
1731,57.23,24.32,10,0.0,50.0,0.0,20,1024,1001,420
1732,57.23,24.32,10,0.0,50.0,0.0,20,1024,1001,420
1733,57.23,24.32,10,0.0,50.0,0.0,20,1024,1001,420
1734,57.23,24.32,10,0.0,50.0,0.0,20,1024,1001,420
1735,57.23,24.32,10,0.0,50.0,0.0,20,1024,1001,420
1736,57.23,24.32,10,0.0,50.0,0.0,20,1024,1001,420
1737,57.23,24.32,10,0.0,50.0,0.0,20,1024,1001,420
1738,57.23,24.32,10,0.0,50.0,0.0,20,1024,1001,420
1739,57.23,24.32,10,0.0,50.0,0.0,20,1024,1001,420
1740,57.23,24.32,10,0.0,50.0,0.0,20,1024,1001,420
1741,57.23,24.32,10,0.0,50.0,0.0,20,1024,1001,420
1742,57.23,24.32,10,0.0,50.0,0.0,20,1024,1001,420
1743,57.23,24.32,10,0.0,50.0,0.0,20,1024,1001,420
1744,57.23,24.32,10,0.0,50.0,0.0,20,1024,1001,420
1745,57.23,24.32,10,0.0,50.0,0.0,20,1024,1001,420
1746,57.23,24.32,10,0.0,50.0,0.0,20,1024,1001,420
1747,57.23,24.32,10,0.0,50.0,0.0,20,1024,1001,420
1748,57.23,24.32,10,0.0,50.0,0.0,20,1024,1001,420
1749,57.23,24.32,10,0.0,50.0,0.0,20,1024,1001,420
1750,57.23,24.32,10,0.0,50.0,0.0,20,1024,1001,420
1751,57.23,24.32,10,0.0,50.0,0.0,20,1024,1001,420
1752,57.23,24.32,10,0.0,50.0,0.0,20,1024,1001,420
1753,57.23,24.32,10,0.0,50.0,0.0,20,1024,1001,420
1754,57.23,24.32,10,0.0,50.0,0.0,20,1024,1001,420
1755,57.23,24.32,10,0.0,50.0,0.0,20,1024,1001,420
1756,57.23,24.32,10,0.0,50.0,0.0,20,1024,1001,420
1757,57.23,24.32,10,0.0,50.0,0.0,20,1024,1001,420
1758,57.23,24.32,10,0.0,50.0,0.0,20,1024,1001,420
1759,57.23,24.32,10,0.0,50.0,0.0,20,1024,1001,420
1760,57.23,24.32,10,0.0,50.0,0.0,20,1024,1001,420
1761,57.23,24.32,10,0.0,50.0,0.0,20,1024,1001,420
1762,57.23,24.32,10,0.0,50.0,0.0,20,1024,1001,420
1763,57.23,24.32,10,0.0,50.0,0.0,20,1024,1001,420
1764,57.23,24.32,10,0.0,50.0,0.0,20,1024,1001,420
1765,57.23,24.32,10,0.0,50.0,0.0,20,1024,1001,420
1766,57.23,24.32,10,0.0,50.0,0.0,20,1024,1001,420
1767,57.23,24.32,10,0.0,50.0,0.0,20,1024,1001,420
1768,57.23,24.32,10,0.0,50.0,0.0,20,1024,1001,420
1769,57.23,24.32,10,0.0,50.0,0.0,20,1024,1001,420
1770,57.23,24.32,10,0.0,50.0,0.0,20,1024,1001,420
1771,57.23,24.32,10,0.0,50.0,0.0,20,1024,1001,420
1772,57.23,24.32,10,0.0,50.0,0.0,20,1024,1001,420
1773,57.23,24.32,10,0.0,50.0,0.0,20,1024,1001,420
1774,57.23,24.32,10,0.0,50.0,0.0,20,1024,1001,420
1775,57.23,24.32,10,0.0,50.0,0.0,20,1024,1001,420
1776,57.23,24.32,10,0.0,50.0,0.0,20,1024,1001,420
1777,57.23,24.32,10,0.0,50.0,0.0,20,1024,1001,420
1778,57.23,24.32,10,0.0,50.0,0.0,20,1024,1001,420
1779,57.23,24.32,10,0.0,50.0,0.0,20,1024,1001,420
1780,57.23,24.32,10,0.0,50.0,0.0,20,1024,1001,420
1781,57.23,24.32,10,0.0,50.0,0.0,20,1024,1001,420
1782,57.23,24.32,10,0.0,50.0,0.0,20,1024,1001,420
1783,57.23,24.32,10,0.0,50.0,0.0,20,1024,1001,420
1784,57.23,24.32,10,0.0,50.0,0.0,20,1024,1001,420
1785,57.23,24.32,10,0.0,50.0,0.0,20,1024,1001,420
1786,57.23,24.32,10,0.0,50.0,0.0,20,1024,1001,420
1787,57.23,24.32,10,0.0,50.0,0.0,20,1024,1001,420
1788,57.23,24.32,10,0.0,50.0,0.0,20,1024,1001,420
1789,57.23,24.32,10,0.0,50.0,0.0,20,1024,1001,420
1790,57.23,24.32,10,0.0,50.0,0.0,20,1024,1001,420
1791,57.23,24.32,10,0.0,50.0,0.0,20,1024,1001,420
1792,57.23,24.32,10,0.0,50.0,0.0,20,1024,1001,420
1793,57.23,24.32,10,0.0,50.0,0.0,20,1024,1001,420
1794,57.23,24.32,10,0.0,50.0,0.0,20,1024,1001,420
1795,57.23,24.32,10,0.0,50.0,0.0,20,1024,1001,420
1796,57.23,24.32,10,0.0,50.0,0.0,20,1024,1001,420
1797,57.23,24.32,10,0.0,50.0,0.0,20,1024,1001,420
1798,57.23,24.32,10,0.0,50.0,0.0,20,1024,1001,420
1799,57.23,24.32,10,0.0,50.0,0.0,20,1024,1001,420
1800,57.23,24.32,10,0.0,50.0,0.0,20,1024,1001,420
1801,57.23,24.32,10,0.0,50.0,0.0,20,1024,1001,420
1802,57.23,24.32,10,0.0,50.0,0.0,20,1024,1001,420
1803,57.23,24.32,10,0.0,50.0,0.0,20,1024,1001,420
1804,57.23,24.32,10,0.0,50.0,0.0,20,1024,1001,420
1805,57.23,24.32,10,0.0,50.0,0.0,20,1024,1001,420
1806,57.23,24.32,10,0.0,50.0,0.0,20,1024,1001,420
1807,57.23,24.32,10,0.0,50.0,0.0,20,1024,1001,420
1808,57.23,24.32,10,0.0,50.0,0.0,20,1024,1001,420
1809,57.23,24.32,10,0.0,50.0,0.0,20,1024,1001,420
1810,57.23,24.32,10,0.0,50.0,0.0,20,1024,1001,420
1811,57.23,24.32,10,0.0,50.0,0.0,20,1024,1001,420
1812,57.23,24.32,10,0.0,50.0,0.0,20,1024,1001,420
1813,57.23,24.32,10,0.0,50.0,0.0,20,1024,1001,420
1814,57.23,24.32,10,0.0,50.0,0.0,20,1024,1001,420
1815,57.23,24.32,10,0.0,50.0,0.0,20,1024,1001,420
1816,57.23,24.32,10,0.0,50.0,0.0,20,1024,1001,420
